timestamp,global_score,p_fatigue,p_yawn,p_head,p_phone,phone_conf,phone_detected,drowsy_conf,yawn,head_status,event
2026-04-18T01:27:01.675590,6,0.316,0.000,0.000,0.000,0.000,0,0.316,0,Normale,
2026-04-18T01:27:01.921880,5,0.285,0.000,0.000,0.000,0.000,0,0.285,0,Normale,
2026-04-18T01:27:02.178728,26,0.301,0.000,1.000,0.000,0.000,0,0.301,0,Tournee (-168deg),
2026-04-18T01:27:02.412918,6,0.313,0.000,0.000,0.000,0.000,0,0.313,0,Normale,
2026-04-18T01:27:02.689082,6,0.322,0.000,0.000,0.000,0.000,0,0.322,0,Normale,
2026-04-18T01:27:02.962256,6,0.333,0.000,0.000,0.000,0.000,0,0.333,0,Normale,
2026-04-18T01:27:03.191278,7,0.357,0.000,0.000,0.000,0.000,0,0.357,0,Normale,
2026-04-18T01:27:03.419502,7,0.367,0.000,0.000,0.000,0.000,0,0.367,0,Normale,
2026-04-18T01:27:03.649601,7,0.373,0.000,0.000,0.000,0.000,0,0.373,0,Normale,
2026-04-18T01:27:03.905002,27,0.369,0.000,1.000,0.000,0.000,0,0.369,0,Tournee (-179deg),
2026-04-18T01:27:04.140255,27,0.364,0.000,1.000,0.000,0.000,0,0.364,0,Tete baissee (31deg),
2026-04-18T01:27:04.384403,27,0.354,0.000,1.000,0.000,0.000,0,0.354,0,Tournee (-62deg),
2026-04-18T01:27:04.602538,6,0.348,0.000,0.000,0.000,0.000,0,0.348,0,Normale,
2026-04-18T01:27:04.843725,26,0.347,0.000,1.000,0.000,0.000,0,0.347,0,Tournee (173deg),
2026-04-18T01:27:05.220771,11,0.578,0.000,0.000,0.000,0.000,0,0.578,0,Normale,
2026-04-18T01:27:05.436281,11,0.557,0.000,0.000,0.000,0.000,0,0.557,0,Normale,
2026-04-18T01:27:05.675418,10,0.519,0.000,0.000,0.000,0.000,0,0.519,0,Normale,
2026-04-18T01:27:05.905448,9,0.477,0.000,0.000,0.000,0.000,0,0.477,0,Normale,
2026-04-18T01:27:06.108534,9,0.460,0.000,0.000,0.000,0.000,0,0.460,0,Normale,
2026-04-18T01:27:06.346968,9,0.462,0.000,0.000,0.000,0.000,0,0.462,0,Normale,
2026-04-18T01:27:06.589550,9,0.470,0.000,0.000,0.000,0.000,0,0.470,0,Normale,
2026-04-18T01:27:06.834699,9,0.493,0.000,0.000,0.000,0.000,0,0.493,0,Normale,
2026-04-18T01:27:07.069030,10,0.524,0.000,0.000,0.000,0.000,0,0.524,0,Normale,
2026-04-18T01:27:07.344474,11,0.553,0.000,0.000,0.000,0.000,0,0.553,0,Normale,
2026-04-18T01:27:07.575372,10,0.548,0.000,0.000,0.000,0.000,0,0.548,0,Normale,
2026-04-18T01:27:07.792124,10,0.538,0.000,0.000,0.000,0.000,0,0.538,0,Normale,
2026-04-18T01:27:08.013135,10,0.534,0.000,0.000,0.000,0.000,0,0.534,0,Normale,
2026-04-18T01:27:08.239077,10,0.534,0.000,0.000,0.000,0.000,0,0.534,0,Normale,
2026-04-18T01:27:08.491917,10,0.530,0.000,0.000,0.000,0.000,0,0.530,0,Normale,
2026-04-18T01:27:08.726133,10,0.511,0.000,0.000,0.000,0.000,0,0.511,0,Normale,
2026-04-18T01:27:08.947027,9,0.498,0.000,0.000,0.000,0.000,0,0.498,0,Normale,
2026-04-18T01:27:09.163990,9,0.482,0.000,0.000,0.000,0.000,0,0.482,0,Normale,
2026-04-18T01:27:09.390424,9,0.469,0.000,0.000,0.000,0.000,0,0.469,0,Normale,
2026-04-18T01:27:09.596356,9,0.457,0.000,0.000,0.000,0.000,0,0.457,0,Normale,
2026-04-18T01:27:09.822504,9,0.465,0.000,0.000,0.000,0.000,0,0.465,0,Normale,
2026-04-18T01:27:10.044272,9,0.467,0.000,0.000,0.000,0.000,0,0.467,0,Normale,
2026-04-18T01:27:10.255720,9,0.466,0.000,0.000,0.000,0.000,0,0.466,0,Normale,
2026-04-18T01:27:10.480552,9,0.466,0.000,0.000,0.000,0.000,0,0.466,0,Normale,
2026-04-18T01:27:10.693798,9,0.460,0.000,0.000,0.000,0.000,0,0.460,0,Normale,
2026-04-18T01:27:10.913807,8,0.437,0.000,0.000,0.000,0.000,0,0.437,0,Normale,
2026-04-18T01:27:11.135836,8,0.430,0.000,0.000,0.000,0.000,0,0.430,0,Normale,
2026-04-18T01:27:11.354594,8,0.429,0.000,0.000,0.000,0.000,0,0.429,0,Normale,
2026-04-18T01:27:11.577173,8,0.433,0.000,0.000,0.000,0.000,0,0.433,0,Normale,
2026-04-18T01:27:11.788069,8,0.445,0.000,0.000,0.000,0.000,0,0.445,0,Normale,
2026-04-18T01:27:11.994828,9,0.461,0.000,0.000,0.000,0.000,0,0.461,0,Normale,
2026-04-18T01:27:12.220832,9,0.468,0.000,0.000,0.000,0.000,0,0.468,0,Normale,
2026-04-18T01:27:12.442290,9,0.471,0.000,0.000,0.000,0.000,0,0.471,0,Normale,
2026-04-18T01:27:12.654560,9,0.470,0.000,0.000,0.000,0.000,0,0.470,0,Normale,
2026-04-18T01:27:12.882870,9,0.468,0.000,0.000,0.000,0.000,0,0.468,0,Normale,
2026-04-18T01:27:13.113790,9,0.467,0.000,0.000,0.000,0.000,0,0.467,0,Normale,
2026-04-18T01:27:13.324332,9,0.462,0.000,0.000,0.000,0.000,0,0.462,0,Normale,
2026-04-18T01:27:13.558352,9,0.463,0.000,0.000,0.000,0.000,0,0.463,0,Normale,
2026-04-18T01:27:13.779145,9,0.455,0.000,0.000,0.000,0.000,0,0.455,0,Normale,
2026-04-18T01:27:13.998341,8,0.432,0.000,0.000,0.000,0.000,0,0.432,0,Normale,
2026-04-18T01:27:14.219448,8,0.418,0.000,0.000,0.000,0.000,0,0.418,0,Normale,
2026-04-18T01:27:14.433696,8,0.410,0.000,0.000,0.000,0.000,0,0.410,0,Normale,
2026-04-18T01:27:14.651406,8,0.401,0.000,0.000,0.000,0.000,0,0.401,0,Normale,
2026-04-18T01:27:14.873752,7,0.396,0.000,0.000,0.000,0.000,0,0.396,0,Normale,
2026-04-18T01:27:15.101998,8,0.408,0.000,0.000,0.000,0.000,0,0.408,0,Normale,
2026-04-18T01:27:15.310531,8,0.406,0.000,0.000,0.000,0.000,0,0.406,0,Normale,
2026-04-18T01:27:15.519299,8,0.404,0.000,0.000,0.000,0.000,0,0.404,0,Normale,
2026-04-18T01:27:15.750600,8,0.405,0.000,0.000,0.000,0.000,0,0.405,0,Normale,
2026-04-18T01:27:15.967383,8,0.407,0.000,0.000,0.000,0.000,0,0.407,0,Normale,
2026-04-18T01:27:16.187196,7,0.399,0.000,0.000,0.000,0.000,0,0.399,0,Normale,
2026-04-18T01:27:16.404008,8,0.400,0.000,0.000,0.000,0.000,0,0.400,0,Normale,
2026-04-18T01:27:16.607038,8,0.400,0.000,0.000,0.000,0.000,0,0.400,0,Normale,
2026-04-18T01:27:16.824027,7,0.396,0.000,0.000,0.000,0.000,0,0.396,0,Normale,
2026-04-18T01:27:17.036226,7,0.392,0.000,0.000,0.000,0.000,0,0.392,0,Normale,
2026-04-18T01:27:17.259781,7,0.391,0.000,0.000,0.000,0.000,0,0.391,0,Normale,
2026-04-18T01:27:17.488793,7,0.394,0.000,0.000,0.000,0.000,0,0.394,0,Normale,
2026-04-18T01:27:17.723955,7,0.395,0.000,0.000,0.000,0.000,0,0.395,0,Normale,
2026-04-18T01:27:17.961416,8,0.402,0.000,0.000,0.000,0.000,0,0.402,0,Normale,
2026-04-18T01:27:18.188880,8,0.411,0.000,0.000,0.000,0.000,0,0.411,0,Normale,
2026-04-18T01:27:18.406359,8,0.422,0.000,0.000,0.000,0.000,0,0.422,0,Normale,
2026-04-18T01:27:18.626875,8,0.420,0.000,0.000,0.000,0.000,0,0.420,0,Normale,
2026-04-18T01:27:18.844091,8,0.434,0.000,0.000,0.000,0.000,0,0.434,0,Normale,
2026-04-18T01:27:19.049170,28,0.441,0.000,1.000,0.000,0.000,0,0.441,0,Tournee (177deg),
2026-04-18T01:27:19.269606,28,0.450,0.000,1.000,0.000,0.000,0,0.450,0,Tournee (176deg),
2026-04-18T01:27:19.496661,9,0.458,0.000,0.000,0.000,0.000,0,0.458,0,Normale,
2026-04-18T01:27:19.711029,9,0.469,0.000,0.000,0.000,0.000,0,0.469,0,Normale,
2026-04-18T01:27:19.928253,29,0.472,0.000,1.000,0.000,0.000,0,0.472,0,Tournee (175deg),
2026-04-18T01:27:20.139584,9,0.478,0.000,0.000,0.000,0.000,0,0.478,0,Normale,
2026-04-18T01:27:20.363703,9,0.483,0.000,0.000,0.000,0.000,0,0.483,0,Normale,
2026-04-18T01:27:20.587676,9,0.488,0.000,0.000,0.000,0.000,0,0.488,0,Normale,
2026-04-18T01:27:20.795134,9,0.492,0.000,0.000,0.000,0.000,0,0.492,0,Normale,
2026-04-18T01:27:21.028467,9,0.466,0.000,0.000,0.000,0.000,0,0.466,0,Normale,
2026-04-18T01:27:21.228766,8,0.442,0.000,0.000,0.000,0.000,0,0.442,0,Normale,
2026-04-18T01:27:21.460169,8,0.428,0.000,0.000,0.000,0.000,0,0.428,0,Normale,
2026-04-18T01:27:21.678201,27,0.399,0.000,1.000,0.000,0.000,0,0.399,0,Tournee (-34deg),
2026-04-18T01:27:21.892191,27,0.370,0.000,1.000,0.000,0.000,0,0.370,0,Tournee (-35deg),
2026-04-18T01:27:22.107706,27,0.371,0.000,1.000,0.000,0.000,0,0.371,0,Tournee (-35deg),
2026-04-18T01:27:22.318951,27,0.369,0.000,1.000,0.000,0.000,0,0.369,0,Tournee (-35deg),
2026-04-18T01:27:22.542582,27,0.354,0.000,1.000,0.000,0.000,0,0.354,0,Tournee (-35deg),
2026-04-18T01:27:22.753799,27,0.357,0.000,1.000,0.000,0.000,0,0.357,0,Tournee (-35deg),
2026-04-18T01:27:22.972189,27,0.361,0.000,1.000,0.000,0.000,0,0.361,0,Tournee (-37deg),
2026-04-18T01:27:23.183126,27,0.368,0.000,1.000,0.000,0.000,0,0.368,0,Tournee (-37deg),
2026-04-18T01:27:23.398020,27,0.369,0.000,1.000,0.000,0.000,0,0.369,0,Tournee (-37deg),
2026-04-18T01:27:23.615245,27,0.376,0.000,1.000,0.000,0.000,0,0.376,0,Tournee (-37deg),
2026-04-18T01:27:23.822721,27,0.382,0.000,1.000,0.000,0.000,0,0.382,0,Tournee (-38deg),
2026-04-18T01:27:24.027833,27,0.383,0.000,1.000,0.000,0.000,0,0.383,0,Tournee (-37deg),
2026-04-18T01:27:24.256593,27,0.377,0.000,1.000,0.000,0.000,0,0.377,0,Tournee (-37deg),
2026-04-18T01:27:24.477042,27,0.368,0.000,1.000,0.000,0.000,0,0.368,0,Tournee (-37deg),
2026-04-18T01:27:24.684859,27,0.358,0.000,1.000,0.000,0.000,0,0.358,0,Tournee (-35deg),
2026-04-18T01:27:24.906173,26,0.347,0.000,1.000,0.000,0.000,0,0.347,0,Tournee (159deg),
2026-04-18T01:27:25.125333,27,0.388,0.000,1.000,0.000,0.000,0,0.388,0,Tete levee (72deg),
2026-04-18T01:27:25.370134,28,0.427,0.000,1.000,0.000,0.000,0,0.427,0,Tournee (-156deg),
2026-04-18T01:27:25.635428,9,0.462,0.000,0.000,0.000,0.000,0,0.462,0,Normale,
2026-04-18T01:27:25.853312,9,0.484,0.000,0.000,0.000,0.000,0,0.484,0,Normale,
2026-04-18T01:27:26.075033,9,0.493,0.000,0.000,0.000,0.000,0,0.493,0,Normale,
2026-04-18T01:27:26.283585,9,0.457,0.000,0.000,0.000,0.000,0,0.457,0,Normale,
2026-04-18T01:27:26.511398,8,0.419,0.000,0.000,0.000,0.000,0,0.419,0,Normale,
2026-04-18T01:27:26.721944,7,0.391,0.000,0.000,0.000,0.000,0,0.391,0,Normale,
2026-04-18T01:27:26.924047,7,0.380,0.000,0.000,0.000,0.000,0,0.380,0,Normale,
2026-04-18T01:27:27.148085,7,0.373,0.000,0.000,0.000,0.000,0,0.373,0,Normale,
2026-04-18T01:27:27.360512,7,0.368,0.000,0.000,0.000,0.000,0,0.368,0,Normale,
2026-04-18T01:27:27.575328,7,0.362,0.000,0.000,0.000,0.000,0,0.362,0,Normale,
2026-04-18T01:27:27.794993,7,0.359,0.000,0.000,0.000,0.000,0,0.359,0,Normale,
2026-04-18T01:27:28.012294,7,0.354,0.000,0.000,0.000,0.000,0,0.354,0,Normale,
2026-04-18T01:27:28.228171,7,0.351,0.000,0.000,0.000,0.000,0,0.351,0,Normale,
2026-04-18T01:27:28.444698,6,0.348,0.000,0.000,0.000,0.000,0,0.348,0,Normale,
2026-04-18T01:27:28.653528,7,0.352,0.000,0.000,0.000,0.000,0,0.352,0,Normale,
2026-04-18T01:27:28.873839,7,0.351,0.000,0.000,0.000,0.000,0,0.351,0,Normale,
2026-04-18T01:27:29.083488,7,0.354,0.000,0.000,0.000,0.000,0,0.354,0,Normale,
2026-04-18T01:27:29.320351,7,0.359,0.000,0.000,0.000,0.000,0,0.359,0,Normale,
2026-04-18T01:27:29.533140,7,0.363,0.000,0.000,0.000,0.000,0,0.363,0,Normale,
2026-04-18T01:27:29.748858,7,0.364,0.000,0.000,0.000,0.000,0,0.364,0,Normale,
2026-04-18T01:27:29.967384,7,0.367,0.000,0.000,0.000,0.000,0,0.367,0,Normale,
2026-04-18T01:27:30.190025,7,0.366,0.000,0.000,0.000,0.000,0,0.366,0,Normale,
2026-04-18T01:27:30.406631,7,0.364,0.000,0.000,0.000,0.000,0,0.364,0,Normale,
2026-04-18T01:27:30.624488,7,0.363,0.000,0.000,0.000,0.000,0,0.363,0,Normale,
2026-04-18T01:27:30.838125,7,0.361,0.000,0.000,0.000,0.000,0,0.361,0,Normale,
2026-04-18T01:27:31.052598,7,0.364,0.000,0.000,0.000,0.000,0,0.364,0,Normale,
2026-04-18T01:27:31.265762,7,0.364,0.000,0.000,0.000,0.000,0,0.364,0,Normale,
2026-04-18T01:27:31.470097,7,0.362,0.000,0.000,0.000,0.000,0,0.362,0,Normale,
2026-04-18T01:27:31.692640,7,0.365,0.000,0.000,0.000,0.000,0,0.365,0,Normale,
2026-04-18T01:27:31.919141,7,0.364,0.000,0.000,0.000,0.000,0,0.364,0,Normale,
2026-04-18T01:27:32.142096,7,0.360,0.000,0.000,0.000,0.000,0,0.360,0,Normale,
2026-04-18T01:27:32.355225,7,0.365,0.000,0.000,0.000,0.000,0,0.365,0,Normale,
2026-04-18T01:27:32.569090,7,0.372,0.000,0.000,0.000,0.000,0,0.372,0,Normale,
2026-04-18T01:27:32.780833,7,0.369,0.000,0.000,0.000,0.000,0,0.369,0,Normale,
2026-04-18T01:27:33.000545,7,0.377,0.000,0.000,0.000,0.000,0,0.377,0,Normale,
2026-04-18T01:27:33.211842,7,0.394,0.000,0.000,0.000,0.000,0,0.394,0,Normale,
2026-04-18T01:27:33.434716,27,0.392,0.000,1.000,0.000,0.000,0,0.392,0,Tournee (-177deg),
2026-04-18T01:27:33.644981,27,0.394,0.000,1.000,0.000,0.000,0,0.394,0,Tournee (-176deg),
2026-04-18T01:27:33.861048,7,0.400,0.000,0.000,0.000,0.000,0,0.400,0,Normale,
2026-04-18T01:27:34.076204,8,0.402,0.000,0.000,0.000,0.000,0,0.402,0,Normale,
2026-04-18T01:27:34.306336,7,0.394,0.000,0.000,0.000,0.000,0,0.394,0,Normale,
2026-04-18T01:27:34.507963,7,0.394,0.000,0.000,0.000,0.000,0,0.394,0,Normale,
2026-04-18T01:27:34.741055,7,0.394,0.000,0.000,0.000,0.000,0,0.394,0,Normale,
2026-04-18T01:27:34.939645,7,0.392,0.000,0.000,0.000,0.000,0,0.392,0,Normale,
2026-04-18T01:27:35.163263,7,0.392,0.000,0.000,0.000,0.000,0,0.392,0,Normale,
2026-04-18T01:27:35.372171,7,0.396,0.000,0.000,0.000,0.000,0,0.396,0,Normale,
2026-04-18T01:27:35.586773,7,0.400,0.000,0.000,0.000,0.000,0,0.400,0,Normale,
2026-04-18T01:27:35.797029,8,0.404,0.000,0.000,0.000,0.000,0,0.404,0,Normale,
2026-04-18T01:27:36.013859,8,0.402,0.000,0.000,0.000,0.000,0,0.402,0,Normale,
2026-04-18T01:27:36.224524,7,0.375,0.000,0.000,0.000,0.000,0,0.375,0,Normale,
2026-04-18T01:27:36.751169,25,0.295,0.000,1.000,0.000,0.000,0,0.295,0,Tete baissee (28deg),
2026-04-18T01:27:36.974911,5,0.295,0.000,0.000,0.000,0.000,0,0.295,0,Normale,
2026-04-18T01:27:37.192360,5,0.273,0.000,0.000,0.000,0.000,0,0.273,0,Normale,
2026-04-18T01:27:37.417866,25,0.263,0.000,1.000,0.000,0.000,0,0.263,0,Tete baissee (32deg),
2026-04-18T01:27:37.650628,25,0.258,0.000,1.000,0.000,0.000,0,0.258,0,Tournee (-161deg),
2026-04-18T01:27:37.866696,4,0.249,0.000,0.000,0.000,0.000,0,0.249,0,Normale,
2026-04-18T01:27:38.082806,24,0.238,0.000,1.000,0.000,0.000,0,0.238,0,Tournee (-161deg),
2026-04-18T01:27:38.297957,5,0.255,0.000,0.000,0.000,0.000,0,0.255,0,Normale,
2026-04-18T01:27:38.680408,7,0.352,0.000,0.000,0.000,0.000,0,0.352,0,Normale,
2026-04-18T01:27:38.891544,6,0.339,0.000,0.000,0.000,0.000,0,0.339,0,Normale,
2026-04-18T01:27:39.125232,6,0.336,0.000,0.000,0.000,0.000,0,0.336,0,Normale,
2026-04-18T01:27:39.339353,6,0.332,0.000,0.000,0.000,0.000,0,0.332,0,Normale,
2026-04-18T01:27:39.550110,6,0.330,0.000,0.000,0.000,0.000,0,0.330,0,Normale,
2026-04-18T01:27:39.765271,6,0.325,0.000,0.000,0.000,0.000,0,0.325,0,Normale,
2026-04-18T01:27:39.977469,6,0.328,0.000,0.000,0.000,0.000,0,0.328,0,Normale,
2026-04-18T01:27:40.197557,6,0.331,0.000,0.000,0.000,0.000,0,0.331,0,Normale,
2026-04-18T01:27:40.435472,6,0.334,0.000,0.000,0.000,0.000,0,0.334,0,Normale,
2026-04-18T01:27:40.668965,6,0.337,0.000,0.000,0.000,0.000,0,0.337,0,Normale,
2026-04-18T01:27:40.912840,6,0.341,0.000,0.000,0.000,0.000,0,0.341,0,Normale,
2026-04-18T01:27:41.152182,6,0.338,0.000,0.000,0.000,0.000,0,0.338,0,Normale,
2026-04-18T01:27:41.355736,6,0.325,0.000,0.000,0.000,0.000,0,0.325,0,Normale,
2026-04-18T01:27:41.586553,26,0.313,0.000,1.000,0.000,0.000,0,0.313,0,Tournee (-174deg),
2026-04-18T01:27:41.804887,25,0.293,0.000,1.000,0.000,0.000,0,0.293,0,Tournee (-170deg),
2026-04-18T01:27:42.012501,25,0.274,0.000,1.000,0.000,0.000,0,0.274,0,Tournee (-169deg),
2026-04-18T01:27:42.236389,25,0.262,0.000,1.000,0.000,0.000,0,0.262,0,Tournee (-170deg),
2026-04-18T01:27:42.458553,25,0.262,0.000,1.000,0.000,0.000,0,0.262,0,Tournee (-170deg),
2026-04-18T01:27:42.664102,25,0.263,0.000,1.000,0.000,0.000,0,0.263,0,Tournee (-170deg),
2026-04-18T01:27:42.882484,25,0.268,0.000,1.000,0.000,0.000,0,0.268,0,Tournee (-170deg),
2026-04-18T01:27:43.099725,25,0.271,0.000,1.000,0.000,0.000,0,0.271,0,Tournee (-171deg),
2026-04-18T01:27:43.307373,25,0.274,0.000,1.000,0.000,0.000,0,0.274,0,Tournee (-170deg),
2026-04-18T01:27:43.536695,25,0.275,0.000,1.000,0.000,0.000,0,0.275,0,Tournee (-170deg),
2026-04-18T01:27:43.739508,25,0.274,0.000,1.000,0.000,0.000,0,0.274,0,Tournee (-171deg),
2026-04-18T01:27:43.947022,25,0.275,0.000,1.000,0.000,0.000,0,0.275,0,Tournee (-172deg),
2026-04-18T01:27:44.313812,7,0.366,0.000,0.000,0.000,0.000,0,0.366,0,Normale,
2026-04-18T01:27:44.539504,10,0.505,0.000,0.000,0.000,0.000,0,0.505,0,Normale,
2026-04-18T01:27:44.763875,11,0.599,0.000,0.000,0.000,0.000,0,0.599,0,Normale,
2026-04-18T01:27:44.972237,12,0.647,0.000,0.000,0.000,0.000,0,0.647,0,Normale,
2026-04-18T01:27:45.200964,13,0.673,0.000,0.000,0.000,0.000,0,0.673,0,Normale,
2026-04-18T01:27:45.404874,15,0.756,0.000,0.000,0.000,0.000,0,0.756,0,Normale,
2026-04-18T01:27:45.611558,35,0.777,0.000,1.000,0.000,0.000,0,0.777,0,Tournee (168deg),
2026-04-18T01:27:45.841433,35,0.774,0.000,1.000,0.000,0.000,0,0.774,0,Tournee (169deg),
2026-04-18T01:27:46.069591,15,0.772,0.000,0.000,0.000,0.000,0,0.772,0,Normale,
2026-04-18T01:27:46.289784,15,0.770,0.000,0.000,0.000,0.000,0,0.770,0,Normale,
2026-04-18T01:27:46.508326,15,0.756,0.000,0.000,0.000,0.000,0,0.756,0,Normale,
2026-04-18T01:27:46.738564,14,0.726,0.000,0.000,0.000,0.000,0,0.726,0,Normale,
2026-04-18T01:27:46.955714,13,0.693,0.000,0.000,0.000,0.000,0,0.693,0,Normale,
2026-04-18T01:27:47.163797,13,0.662,0.000,0.000,0.000,0.000,0,0.662,0,Normale,
2026-04-18T01:27:47.393573,12,0.625,0.000,0.000,0.000,0.000,0,0.625,0,Normale,
2026-04-18T01:27:47.611165,11,0.591,0.000,0.000,0.000,0.000,0,0.591,0,Normale,
2026-04-18T01:27:47.826762,11,0.579,0.000,0.000,0.000,0.000,0,0.579,0,Normale,
2026-04-18T01:27:48.045321,11,0.559,0.000,0.000,0.000,0.000,0,0.559,0,Normale,
2026-04-18T01:27:48.258678,10,0.541,0.000,0.000,0.000,0.000,0,0.541,0,Normale,
2026-04-18T01:27:48.468250,10,0.527,0.000,0.000,0.000,0.000,0,0.527,0,Normale,
2026-04-18T01:27:48.691975,10,0.522,0.000,0.000,0.000,0.000,0,0.522,0,Normale,
2026-04-18T01:27:48.933771,10,0.517,0.000,0.000,0.000,0.000,0,0.517,0,Normale,
2026-04-18T01:27:49.178163,10,0.519,0.000,0.000,0.000,0.000,0,0.519,0,Normale,
2026-04-18T01:27:49.403838,10,0.513,0.000,0.000,0.000,0.000,0,0.513,0,Normale,
2026-04-18T01:27:49.640839,10,0.507,0.000,0.000,0.000,0.000,0,0.507,0,Normale,
2026-04-18T01:27:49.864448,10,0.505,0.000,0.000,0.000,0.000,0,0.505,0,Normale,
2026-04-18T01:27:50.090258,10,0.507,0.000,0.000,0.000,0.000,0,0.507,0,Normale,
2026-04-18T01:27:50.313496,10,0.505,0.000,0.000,0.000,0.000,0,0.505,0,Normale,
2026-04-18T01:27:50.549974,10,0.507,0.000,0.000,0.000,0.000,0,0.507,0,Normale,
2026-04-18T01:27:50.786750,10,0.510,0.000,0.000,0.000,0.000,0,0.510,0,Normale,
2026-04-18T01:27:51.014789,10,0.506,0.000,0.000,0.000,0.000,0,0.506,0,Normale,
2026-04-18T01:27:51.250765,10,0.501,0.000,0.000,0.000,0.000,0,0.501,0,Normale,
2026-04-18T01:27:51.477323,29,0.498,0.000,1.000,0.000,0.000,0,0.498,0,Tournee (-177deg),
2026-04-18T01:27:51.696838,9,0.495,0.000,0.000,0.000,0.000,0,0.495,0,Normale,
2026-04-18T01:27:51.932631,9,0.491,0.000,0.000,0.000,0.000,0,0.491,0,Normale,
2026-04-18T01:27:52.159261,9,0.496,0.000,0.000,0.000,0.000,0,0.496,0,Normale,
2026-04-18T01:27:52.377306,9,0.499,0.000,0.000,0.000,0.000,0,0.499,0,Normale,
2026-04-18T01:27:52.614217,9,0.497,0.000,0.000,0.000,0.000,0,0.497,0,Normale,
2026-04-18T01:27:52.834503,9,0.497,0.000,0.000,0.000,0.000,0,0.497,0,Normale,
2026-04-18T01:27:53.073588,29,0.496,0.000,1.000,0.000,0.000,0,0.496,0,Tournee (-178deg),
2026-04-18T01:27:53.290289,9,0.495,0.000,0.000,0.000,0.000,0,0.495,0,Normale,
2026-04-18T01:27:53.515665,9,0.492,0.000,0.000,0.000,0.000,0,0.492,0,Normale,
2026-04-18T01:27:53.740882,9,0.499,0.000,0.000,0.000,0.000,0,0.499,0,Normale,
2026-04-18T01:27:53.993375,10,0.501,0.000,0.000,0.000,0.000,0,0.501,0,Normale,
2026-04-18T01:27:54.219293,10,0.508,0.000,0.000,0.000,0.000,0,0.508,0,Normale,
2026-04-18T01:27:54.427820,10,0.501,0.000,0.000,0.000,0.000,0,0.501,0,Normale,
2026-04-18T01:27:54.652404,30,0.500,0.000,1.000,0.000,0.000,0,0.500,0,Tournee (-177deg),
2026-04-18T01:27:54.886249,9,0.490,0.000,0.000,0.000,0.000,0,0.490,0,Normale,
2026-04-18T01:27:55.106752,29,0.485,0.000,1.000,0.000,0.000,0,0.485,0,Tournee (-134deg),
2026-04-18T01:27:55.328455,9,0.480,0.000,0.000,0.000,0.000,0,0.480,0,Normale,
2026-04-18T01:27:55.553566,9,0.487,0.000,0.000,0.000,0.000,0,0.487,0,Normale,
2026-04-18T01:27:55.774109,9,0.489,0.000,0.000,0.000,0.000,0,0.489,0,Normale,
2026-04-18T01:27:55.979280,9,0.493,0.000,0.000,0.000,0.000,0,0.493,0,Normale,
2026-04-18T01:27:56.204457,9,0.491,0.000,0.000,0.000,0.000,0,0.491,0,Normale,
2026-04-18T01:27:56.411652,9,0.489,0.000,0.000,0.000,0.000,0,0.489,0,Normale,
2026-04-18T01:27:56.642762,29,0.482,0.000,1.000,0.000,0.000,0,0.482,0,Tete levee (26deg),
2026-04-18T01:27:56.865929,29,0.469,0.000,1.000,0.000,0.000,0,0.469,0,Tete levee (27deg),
2026-04-18T01:27:57.076204,29,0.456,0.000,1.000,0.000,0.000,0,0.456,0,Tete levee (27deg),
2026-04-18T01:27:57.291640,8,0.439,0.000,0.000,0.000,0.000,0,0.439,0,Normale,
2026-04-18T01:27:57.514970,8,0.419,0.000,0.000,0.000,0.000,0,0.419,0,Normale,
2026-04-18T01:27:57.741298,28,0.400,0.000,1.000,0.000,0.000,0,0.400,0,Tete levee (27deg),
2026-04-18T01:27:57.956658,27,0.389,0.000,1.000,0.000,0.000,0,0.389,0,Tete levee (27deg),
2026-04-18T01:27:58.170921,27,0.383,0.000,1.000,0.000,0.000,0,0.383,0,Tete levee (27deg),
2026-04-18T01:27:58.395084,7,0.381,0.000,0.000,0.000,0.000,0,0.381,0,Normale,
2026-04-18T01:27:58.604664,27,0.385,0.000,1.000,0.000,0.000,0,0.385,0,Tete levee (27deg),
2026-04-18T01:27:58.833458,27,0.384,0.000,1.000,0.000,0.000,0,0.384,0,Tournee (179deg),
2026-04-18T01:27:59.051041,27,0.387,0.000,1.000,0.000,0.000,0,0.387,0,Tete levee (27deg),
2026-04-18T01:27:59.290128,27,0.388,0.000,1.000,0.000,0.000,0,0.388,0,Tete levee (27deg),
2026-04-18T01:27:59.536889,27,0.389,0.000,1.000,0.000,0.000,0,0.389,0,Tete levee (28deg),
2026-04-18T01:27:59.771142,27,0.389,0.000,1.000,0.000,0.000,0,0.389,0,Tete levee (28deg),
2026-04-18T01:28:00.045166,27,0.397,0.000,1.000,0.000,0.000,0,0.397,0,Tete levee (28deg),
2026-04-18T01:28:00.287662,27,0.397,0.000,1.000,0.000,0.000,0,0.397,0,Tete levee (27deg),
2026-04-18T01:28:00.511366,27,0.396,0.000,1.000,0.000,0.000,0,0.396,0,Tournee (179deg),
2026-04-18T01:28:00.742783,27,0.395,0.000,1.000,0.000,0.000,0,0.395,0,Tete levee (27deg),
2026-04-18T01:28:00.984311,27,0.393,0.000,1.000,0.000,0.000,0,0.393,0,Tete levee (28deg),
2026-04-18T01:28:01.212270,27,0.388,0.000,1.000,0.000,0.000,0,0.388,0,Tete levee (28deg),
2026-04-18T01:28:01.436660,27,0.387,0.000,1.000,0.000,0.000,0,0.387,0,Tete levee (28deg),
2026-04-18T01:28:01.676468,27,0.384,0.000,1.000,0.000,0.000,0,0.384,0,Tete levee (29deg),
2026-04-18T01:28:01.900349,7,0.378,0.000,0.000,0.000,0.000,0,0.378,0,Normale,
2026-04-18T01:28:02.137916,7,0.374,0.000,0.000,0.000,0.000,0,0.374,0,Normale,
2026-04-18T01:28:02.366279,7,0.379,0.000,0.000,0.000,0.000,0,0.379,0,Normale,
2026-04-18T01:28:02.586658,7,0.383,0.000,0.000,0.000,0.000,0,0.383,0,Normale,
2026-04-18T01:28:02.827448,7,0.390,0.000,0.000,0.000,0.000,0,0.390,0,Normale,
2026-04-18T01:28:03.058677,8,0.406,0.000,0.000,0.000,0.000,0,0.406,0,Normale,
2026-04-18T01:28:03.303242,8,0.413,0.000,0.000,0.000,0.000,0,0.413,0,Normale,
2026-04-18T01:28:03.535766,43,0.418,0.000,0.000,0.872,0.872,1,0.418,0,Normale,
2026-04-18T01:28:03.847434,44,0.439,0.000,0.000,0.897,0.897,1,0.439,0,Normale,
2026-04-18T01:28:04.090111,42,0.467,0.000,0.000,0.839,0.839,1,0.467,0,Normale,
2026-04-18T01:28:04.335898,43,0.483,0.000,0.000,0.834,0.834,1,0.483,0,Normale,
2026-04-18T01:28:04.558553,38,0.487,0.000,0.000,0.729,0.729,1,0.487,0,Normale,
2026-04-18T01:28:04.764783,38,0.514,0.000,0.000,0.713,0.713,1,0.514,0,Normale,
2026-04-18T01:28:04.993733,39,0.524,0.000,0.000,0.719,0.719,1,0.524,0,Normale,
2026-04-18T01:28:05.212407,39,0.510,0.000,0.000,0.731,0.731,1,0.510,0,Normale,
2026-04-18T01:28:05.424070,39,0.523,0.000,0.000,0.716,0.716,1,0.523,0,Normale,
2026-04-18T01:28:05.644802,37,0.535,0.000,0.000,0.681,0.681,1,0.535,0,Normale,
2026-04-18T01:28:05.861092,32,0.519,0.000,0.000,0.560,0.560,1,0.519,0,Normale,
2026-04-18T01:28:06.082708,37,0.503,0.000,0.000,0.698,0.698,1,0.503,0,Normale,
2026-04-18T01:28:06.294926,31,0.502,0.000,0.000,0.529,0.529,1,0.502,0,Normale,
2026-04-18T01:28:06.508865,29,0.480,0.000,0.000,0.508,0.508,1,0.480,0,Normale,
2026-04-18T01:28:06.718773,9,0.470,0.000,0.000,0.000,0.000,0,0.470,0,Normale,
2026-04-18T01:28:06.943498,9,0.459,0.000,0.000,0.000,0.000,0,0.459,0,Normale,
2026-04-18T01:28:07.161290,8,0.449,0.000,0.000,0.000,0.000,0,0.449,0,Normale,
2026-04-18T01:28:07.378871,8,0.440,0.000,0.000,0.000,0.000,0,0.440,0,Normale,
2026-04-18T01:28:07.615690,32,0.442,0.000,0.000,0.586,0.586,1,0.442,0,Normale,
2026-04-18T01:28:07.836426,32,0.461,0.000,0.000,0.583,0.583,1,0.461,0,Normale,
2026-04-18T01:28:08.052133,9,0.462,0.000,0.000,0.000,0.000,0,0.462,0,Normale,
2026-04-18T01:28:08.271914,9,0.466,0.000,0.000,0.000,0.000,0,0.466,0,Normale,
2026-04-18T01:28:08.487417,35,0.487,0.000,0.000,0.649,0.649,1,0.487,0,Normale,
2026-04-18T01:28:08.705706,9,0.478,0.000,0.000,0.000,0.000,0,0.478,0,Normale,
2026-04-18T01:28:08.925801,9,0.463,0.000,0.000,0.000,0.000,0,0.463,0,Normale,
2026-04-18T01:28:09.148666,30,0.479,0.000,0.000,0.519,0.519,1,0.479,0,Normale,
2026-04-18T01:28:09.377278,38,0.507,0.000,0.000,0.714,0.714,1,0.507,0,Normale,
2026-04-18T01:28:09.597176,42,0.505,0.000,0.000,0.798,0.798,1,0.505,0,Normale,
2026-04-18T01:28:09.838219,44,0.518,0.000,0.000,0.856,0.856,1,0.518,0,Normale,
2026-04-18T01:28:10.064616,41,0.522,0.000,0.000,0.788,0.788,1,0.522,0,Normale,
2026-04-18T01:28:10.282496,40,0.521,0.000,0.000,0.750,0.750,1,0.521,0,Normale,
2026-04-18T01:28:10.498545,43,0.487,0.000,0.000,0.846,0.846,1,0.487,0,Normale,
2026-04-18T01:28:10.708236,41,0.469,0.000,0.000,0.806,0.806,1,0.469,0,Normale,
2026-04-18T01:28:10.923818,41,0.451,0.000,0.000,0.803,0.803,1,0.451,0,Normale,
2026-04-18T01:28:11.148402,38,0.445,0.000,0.000,0.751,0.751,1,0.445,0,Normale,
2026-04-18T01:28:11.374607,42,0.443,0.000,0.000,0.831,0.831,1,0.443,0,Normale,
2026-04-18T01:28:11.597615,41,0.447,0.000,0.000,0.822,0.822,1,0.447,0,Normale,
2026-04-18T01:28:11.811977,28,0.436,0.000,1.000,0.000,0.000,0,0.436,0,Tete levee (25deg),
2026-04-18T01:28:12.028303,37,0.461,0.000,0.000,0.714,0.714,1,0.461,0,Normale,
2026-04-18T01:28:12.247009,63,0.466,0.000,1.000,0.845,0.845,1,0.466,0,Tete levee (25deg),VOICE_ALERT
2026-04-18T01:28:12.589174,58,0.448,0.000,1.000,0.738,0.738,1,0.448,0,Tete levee (26deg),
2026-04-18T01:28:12.834956,33,0.446,0.000,0.000,0.624,0.624,1,0.446,0,Normale,
2026-04-18T01:28:13.080707,29,0.457,0.000,1.000,0.000,0.000,0,0.457,0,Tete levee (27deg),
2026-04-18T01:28:13.276715,8,0.442,0.000,0.000,0.000,0.000,0,0.442,0,Normale,
2026-04-18T01:28:13.476814,8,0.445,0.000,0.000,0.000,0.000,0,0.445,0,Normale,
2026-04-18T01:28:13.682287,29,0.454,0.000,1.000,0.000,0.000,0,0.454,0,Tournee (-177deg),
2026-04-18T01:28:13.884258,9,0.450,0.000,0.000,0.000,0.000,0,0.450,0,Normale,
2026-04-18T01:28:14.079356,9,0.457,0.000,0.000,0.000,0.000,0,0.457,0,Normale,
2026-04-18T01:28:14.282968,8,0.447,0.000,0.000,0.000,0.000,0,0.447,0,Normale,
2026-04-18T01:28:14.479583,8,0.433,0.000,0.000,0.000,0.000,0,0.433,0,Normale,
2026-04-18T01:28:14.683257,8,0.423,0.000,0.000,0.000,0.000,0,0.423,0,Normale,
2026-04-18T01:28:14.888559,28,0.416,0.000,1.000,0.000,0.000,0,0.416,0,Tete levee (26deg),
2026-04-18T01:28:15.090593,8,0.405,0.000,0.000,0.000,0.000,0,0.405,0,Normale,
2026-04-18T01:28:15.286937,8,0.406,0.000,0.000,0.000,0.000,0,0.406,0,Normale,
2026-04-18T01:28:15.485560,28,0.405,0.000,1.000,0.000,0.000,0,0.405,0,Tournee (-175deg),
2026-04-18T01:28:15.686963,28,0.424,0.000,1.000,0.000,0.000,0,0.424,0,Tournee (-175deg),
2026-04-18T01:28:15.889221,28,0.436,0.000,1.000,0.000,0.000,0,0.436,0,Tournee (-172deg),
2026-04-18T01:28:16.099008,8,0.442,0.000,0.000,0.000,0.000,0,0.442,0,Normale,
2026-04-18T01:28:16.302399,8,0.446,0.000,0.000,0.000,0.000,0,0.446,0,Normale,
2026-04-18T01:28:16.500611,9,0.453,0.000,0.000,0.000,0.000,0,0.453,0,Normale,
2026-04-18T01:28:16.701095,8,0.444,0.000,0.000,0.000,0.000,0,0.444,0,Normale,
2026-04-18T01:28:16.900550,8,0.442,0.000,0.000,0.000,0.000,0,0.442,0,Normale,
2026-04-18T01:28:17.102271,8,0.445,0.000,0.000,0.000,0.000,0,0.445,0,Normale,
2026-04-18T01:28:17.311599,8,0.448,0.000,0.000,0.000,0.000,0,0.448,0,Normale,
2026-04-18T01:28:17.510275,9,0.454,0.000,0.000,0.000,0.000,0,0.454,0,Normale,
2026-04-18T01:28:17.715011,9,0.457,0.000,0.000,0.000,0.000,0,0.457,0,Normale,
2026-04-18T01:28:17.915041,9,0.465,0.000,0.000,0.000,0.000,0,0.465,0,Normale,
2026-04-18T01:28:18.113205,9,0.471,0.000,0.000,0.000,0.000,0,0.471,0,Normale,
2026-04-18T01:28:18.309591,9,0.475,0.000,0.000,0.000,0.000,0,0.475,0,Normale,
2026-04-18T01:28:18.500115,9,0.478,0.000,0.000,0.000,0.000,0,0.478,0,Normale,
2026-04-18T01:28:18.699834,9,0.479,0.000,0.000,0.000,0.000,0,0.479,0,Normale,
2026-04-18T01:28:18.905657,9,0.483,0.000,0.000,0.000,0.000,0,0.483,0,Normale,
2026-04-18T01:28:19.100101,9,0.472,0.000,0.000,0.000,0.000,0,0.472,0,Normale,
2026-04-18T01:28:19.299208,29,0.457,0.000,1.000,0.000,0.000,0,0.457,0,Tete levee (31deg),
2026-04-18T01:28:19.506330,28,0.449,0.000,1.000,0.000,0.000,0,0.449,0,Tete levee (31deg),
2026-04-18T01:28:19.738826,29,0.450,0.000,1.000,0.000,0.000,0,0.450,0,Tete levee (33deg),
2026-04-18T01:28:19.944447,28,0.437,0.000,1.000,0.000,0.000,0,0.437,0,Tete levee (31deg),
2026-04-18T01:28:20.133652,28,0.438,0.000,1.000,0.000,0.000,0,0.438,0,Tete levee (29deg),
2026-04-18T01:28:20.327221,8,0.436,0.000,0.000,0.000,0.000,0,0.436,0,Normale,
2026-04-18T01:28:20.523783,8,0.431,0.000,0.000,0.000,0.000,0,0.431,0,Normale,
2026-04-18T01:28:20.722695,8,0.426,0.000,0.000,0.000,0.000,0,0.426,0,Normale,
2026-04-18T01:28:20.934088,8,0.424,0.000,0.000,0.000,0.000,0,0.424,0,Normale,
2026-04-18T01:28:21.125277,8,0.428,0.000,0.000,0.000,0.000,0,0.428,0,Normale,
2026-04-18T01:28:21.316699,8,0.436,0.000,0.000,0.000,0.000,0,0.436,0,Normale,
2026-04-18T01:28:21.497823,8,0.441,0.000,0.000,0.000,0.000,0,0.441,0,Normale,
2026-04-18T01:28:21.692253,8,0.442,0.000,0.000,0.000,0.000,0,0.442,0,Normale,
2026-04-18T01:28:21.901538,8,0.450,0.000,0.000,0.000,0.000,0,0.450,0,Normale,
2026-04-18T01:28:22.096090,8,0.442,0.000,0.000,0.000,0.000,0,0.442,0,Normale,
2026-04-18T01:28:22.285113,8,0.436,0.000,0.000,0.000,0.000,0,0.436,0,Normale,
2026-04-18T01:28:22.475820,8,0.430,0.000,0.000,0.000,0.000,0,0.430,0,Normale,
2026-04-18T01:28:22.652797,8,0.426,0.000,0.000,0.000,0.000,0,0.426,0,Normale,
2026-04-18T01:28:22.852527,8,0.421,0.000,0.000,0.000,0.000,0,0.421,0,Normale,
2026-04-18T01:28:23.052769,8,0.432,0.000,0.000,0.000,0.000,0,0.432,0,Normale,
2026-04-18T01:28:23.248272,8,0.440,0.000,0.000,0.000,0.000,0,0.440,0,Normale,
2026-04-18T01:28:23.421990,8,0.437,0.000,0.000,0.000,0.000,0,0.437,0,Normale,
2026-04-18T01:28:23.625788,8,0.434,0.000,0.000,0.000,0.000,0,0.434,0,Normale,
2026-04-18T01:28:23.863473,8,0.427,0.000,0.000,0.000,0.000,0,0.427,0,Normale,
2026-04-18T01:28:24.090469,8,0.412,0.000,0.000,0.000,0.000,0,0.412,0,Normale,
2026-04-18T01:28:24.285279,8,0.403,0.000,0.000,0.000,0.000,0,0.403,0,Normale,
2026-04-18T01:28:24.478071,7,0.398,0.000,0.000,0.000,0.000,0,0.398,0,Normale,
2026-04-18T01:28:24.672387,7,0.396,0.000,0.000,0.000,0.000,0,0.396,0,Normale,
2026-04-18T01:28:24.878120,8,0.401,0.000,0.000,0.000,0.000,0,0.401,0,Normale,
2026-04-18T01:28:25.075422,8,0.416,0.000,0.000,0.000,0.000,0,0.416,0,Normale,
2026-04-18T01:28:25.275615,28,0.407,0.000,1.000,0.000,0.000,0,0.407,0,Tournee (-159deg),
2026-04-18T01:28:25.472716,8,0.417,0.000,0.000,0.000,0.000,0,0.417,0,Normale,
2026-04-18T01:28:25.674439,8,0.423,0.000,0.000,0.000,0.000,0,0.423,0,Normale,
2026-04-18T01:28:25.874356,8,0.438,0.000,0.000,0.000,0.000,0,0.438,0,Normale,
2026-04-18T01:28:26.127446,8,0.435,0.000,0.000,0.000,0.000,0,0.435,0,Normale,
2026-04-18T01:28:26.374715,9,0.460,0.000,0.000,0.000,0.000,0,0.460,0,Normale,
2026-04-18T01:28:26.623079,9,0.469,0.000,0.000,0.000,0.000,0,0.469,0,Normale,
2026-04-18T01:28:26.835914,34,0.481,0.000,0.000,0.611,0.611,1,0.481,0,Normale,
2026-04-18T01:28:27.018727,9,0.476,0.000,0.000,0.000,0.000,0,0.476,0,Normale,
2026-04-18T01:28:27.212365,35,0.500,0.000,0.000,0.626,0.626,1,0.500,0,Normale,
2026-04-18T01:28:27.418342,37,0.518,0.000,0.000,0.690,0.690,1,0.518,0,Normale,
2026-04-18T01:28:27.611641,31,0.521,0.000,0.000,0.517,0.517,1,0.521,0,Normale,
2026-04-18T01:28:27.818560,38,0.527,0.000,0.000,0.695,0.695,1,0.527,0,Normale,
2026-04-18T01:28:28.010590,35,0.543,0.000,0.000,0.611,0.611,1,0.543,0,Normale,
2026-04-18T01:28:28.204408,40,0.544,0.000,0.000,0.730,0.730,1,0.544,0,Normale,
2026-04-18T01:28:28.403833,34,0.539,0.000,0.000,0.601,0.601,1,0.539,0,Normale,
2026-04-18T01:28:28.600595,39,0.547,0.000,0.000,0.706,0.706,1,0.547,0,Normale,
2026-04-18T01:28:28.810494,32,0.570,0.000,0.000,0.520,0.520,1,0.570,0,Normale,
2026-04-18T01:28:28.998953,35,0.574,0.000,0.000,0.599,0.599,1,0.574,0,Normale,
2026-04-18T01:28:29.193145,39,0.580,0.000,0.000,0.689,0.689,1,0.580,0,Normale,
2026-04-18T01:28:29.401455,11,0.567,0.000,0.000,0.000,0.000,0,0.567,0,Normale,
2026-04-18T01:28:29.596865,11,0.553,0.000,0.000,0.000,0.000,0,0.553,0,Normale,
2026-04-18T01:28:29.810235,30,0.537,0.000,0.000,0.506,0.506,1,0.537,0,Normale,
2026-04-18T01:28:30.005693,10,0.523,0.000,0.000,0.000,0.000,0,0.523,0,Normale,
2026-04-18T01:28:30.204833,9,0.493,0.000,0.000,0.000,0.000,0,0.493,0,Normale,
2026-04-18T01:28:30.400709,9,0.487,0.000,0.000,0.000,0.000,0,0.487,0,Normale,
2026-04-18T01:28:30.601893,9,0.485,0.000,0.000,0.000,0.000,0,0.485,0,Normale,
2026-04-18T01:28:30.816442,9,0.464,0.000,0.000,0.000,0.000,0,0.464,0,Normale,
2026-04-18T01:28:31.027643,9,0.456,0.000,0.000,0.000,0.000,0,0.456,0,Normale,
2026-04-18T01:28:31.242668,9,0.456,0.000,0.000,0.000,0.000,0,0.456,0,Normale,
2026-04-18T01:28:31.463352,9,0.457,0.000,0.000,0.000,0.000,0,0.457,0,Normale,
2026-04-18T01:28:31.681639,9,0.460,0.000,0.000,0.000,0.000,0,0.460,0,Normale,
2026-04-18T01:28:31.908996,9,0.463,0.000,0.000,0.000,0.000,0,0.463,0,Normale,
2026-04-18T01:28:32.136039,9,0.467,0.000,0.000,0.000,0.000,0,0.467,0,Normale,
2026-04-18T01:28:32.337969,9,0.466,0.000,0.000,0.000,0.000,0,0.466,0,Normale,
2026-04-18T01:28:32.538486,9,0.460,0.000,0.000,0.000,0.000,0,0.460,0,Normale,
2026-04-18T01:28:32.728962,8,0.450,0.000,0.000,0.000,0.000,0,0.450,0,Normale,
2026-04-18T01:28:32.923996,8,0.442,0.000,0.000,0.000,0.000,0,0.442,0,Normale,
2026-04-18T01:28:33.142821,8,0.432,0.000,0.000,0.000,0.000,0,0.432,0,Normale,
2026-04-18T01:28:33.328604,28,0.439,0.000,1.000,0.000,0.000,0,0.439,0,Tournee (178deg),
2026-04-18T01:28:33.529486,29,0.453,0.000,1.000,0.000,0.000,0,0.453,0,Tournee (176deg),
2026-04-18T01:28:33.724844,29,0.475,0.000,1.000,0.000,0.000,0,0.475,0,Tete levee (73deg),
2026-04-18T01:28:33.922308,29,0.497,0.000,1.000,0.000,0.000,0,0.497,0,Tournee (171deg),
2026-04-18T01:28:34.123068,30,0.516,0.000,1.000,0.000,0.000,0,0.516,0,Tete levee (72deg),
2026-04-18T01:28:34.321431,30,0.523,0.000,1.000,0.000,0.000,0,0.523,0,Tournee (168deg),
2026-04-18T01:28:34.523408,30,0.537,0.000,1.000,0.000,0.000,0,0.537,0,Tournee (167deg),
2026-04-18T01:28:34.721470,30,0.546,0.000,1.000,0.000,0.000,0,0.546,0,Tournee (165deg),
2026-04-18T01:28:34.912942,30,0.550,0.000,1.000,0.000,0.000,0,0.550,0,Tournee (164deg),
2026-04-18T01:28:35.101593,31,0.556,0.000,1.000,0.000,0.000,0,0.556,0,Tournee (164deg),
2026-04-18T01:28:35.293309,31,0.563,0.000,1.000,0.000,0.000,0,0.563,0,Tournee (164deg),
2026-04-18T01:28:35.492381,31,0.556,0.000,1.000,0.000,0.000,0,0.556,0,Tournee (163deg),
2026-04-18T01:28:35.693694,31,0.552,0.000,1.000,0.000,0.000,0,0.552,0,Tournee (162deg),
2026-04-18T01:28:35.885614,31,0.553,0.000,1.000,0.000,0.000,0,0.553,0,Tournee (162deg),
2026-04-18T01:28:36.085469,11,0.556,0.000,0.000,0.000,0.000,0,0.556,0,Normale,
2026-04-18T01:28:36.282804,11,0.556,0.000,0.000,0.000,0.000,0,0.556,0,Normale,
2026-04-18T01:28:36.459202,11,0.563,0.000,0.000,0.000,0.000,0,0.563,0,Normale,
2026-04-18T01:28:36.651164,11,0.568,0.000,0.000,0.000,0.000,0,0.568,0,Normale,
2026-04-18T01:28:36.854505,11,0.569,0.000,0.000,0.000,0.000,0,0.569,0,Normale,
2026-04-18T01:28:37.044166,11,0.567,0.000,0.000,0.000,0.000,0,0.567,0,Normale,
2026-04-18T01:28:37.246889,11,0.566,0.000,0.000,0.000,0.000,0,0.566,0,Normale,
2026-04-18T01:28:37.419186,11,0.562,0.000,0.000,0.000,0.000,0,0.562,0,Normale,
2026-04-18T01:28:37.621546,11,0.555,0.000,0.000,0.000,0.000,0,0.555,0,Normale,
2026-04-18T01:28:37.834165,10,0.547,0.000,0.000,0.000,0.000,0,0.547,0,Normale,
2026-04-18T01:28:38.042064,10,0.541,0.000,0.000,0.000,0.000,0,0.541,0,Normale,
2026-04-18T01:28:38.242995,10,0.539,0.000,0.000,0.000,0.000,0,0.539,0,Normale,
2026-04-18T01:28:38.440025,10,0.534,0.000,0.000,0.000,0.000,0,0.534,0,Normale,
2026-04-18T01:28:38.633738,10,0.531,0.000,0.000,0.000,0.000,0,0.531,0,Normale,
2026-04-18T01:28:38.822975,10,0.528,0.000,0.000,0.000,0.000,0,0.528,0,Normale,
2026-04-18T01:28:39.012411,10,0.524,0.000,0.000,0.000,0.000,0,0.524,0,Normale,
2026-04-18T01:28:39.211965,10,0.512,0.000,0.000,0.000,0.000,0,0.512,0,Normale,
2026-04-18T01:28:39.411683,10,0.501,0.000,0.000,0.000,0.000,0,0.501,0,Normale,
2026-04-18T01:28:39.596375,9,0.488,0.000,0.000,0.000,0.000,0,0.488,0,Normale,
2026-04-18T01:28:39.785900,9,0.477,0.000,0.000,0.000,0.000,0,0.477,0,Normale,
2026-04-18T01:28:39.983171,9,0.466,0.000,0.000,0.000,0.000,0,0.466,0,Normale,
2026-04-18T01:28:40.184119,9,0.465,0.000,0.000,0.000,0.000,0,0.465,0,Normale,
2026-04-18T01:28:40.381105,9,0.462,0.000,0.000,0.000,0.000,0,0.462,0,Normale,
2026-04-18T01:28:40.569417,9,0.461,0.000,0.000,0.000,0.000,0,0.461,0,Normale,
2026-04-18T01:28:40.778362,9,0.459,0.000,0.000,0.000,0.000,0,0.459,0,Normale,
2026-04-18T01:28:40.971911,9,0.451,0.000,0.000,0.000,0.000,0,0.451,0,Normale,
2026-04-18T01:28:41.209665,8,0.439,0.000,0.000,0.000,0.000,0,0.439,0,Normale,
2026-04-18T01:28:41.430296,8,0.439,0.000,0.000,0.000,0.000,0,0.439,0,Normale,
2026-04-18T01:28:41.642611,8,0.441,0.000,0.000,0.000,0.000,0,0.441,0,Normale,
2026-04-18T01:28:41.851736,8,0.448,0.000,0.000,0.000,0.000,0,0.448,0,Normale,
2026-04-18T01:28:42.076148,9,0.451,0.000,0.000,0.000,0.000,0,0.451,0,Normale,
2026-04-18T01:28:42.304377,9,0.451,0.000,0.000,0.000,0.000,0,0.451,0,Normale,
2026-04-18T01:28:42.530636,16,0.490,0.333,0.000,0.000,0.000,0,0.490,1,Normale,
2026-04-18T01:28:42.759028,17,0.542,0.333,0.000,0.000,0.000,0,0.542,0,Normale,
2026-04-18T01:28:42.972246,18,0.584,0.333,0.000,0.000,0.000,0,0.584,0,Normale,
2026-04-18T01:28:43.196488,19,0.642,0.333,0.000,0.000,0.000,0,0.642,0,Normale,
2026-04-18T01:28:43.411924,20,0.694,0.333,0.000,0.000,0.000,0,0.694,0,Normale,
2026-04-18T01:28:43.636921,20,0.697,0.333,0.000,0.000,0.000,0,0.697,0,Normale,
2026-04-18T01:28:43.857737,20,0.682,0.333,0.000,0.000,0.000,0,0.682,0,Normale,
2026-04-18T01:28:44.072706,20,0.675,0.333,0.000,0.000,0.000,0,0.675,0,Normale,
2026-04-18T01:28:44.290793,20,0.667,0.333,0.000,0.000,0.000,0,0.667,0,Normale,
2026-04-18T01:28:44.526099,20,0.673,0.333,0.000,0.000,0.000,0,0.673,0,Normale,
2026-04-18T01:28:44.753597,20,0.687,0.333,0.000,0.000,0.000,0,0.687,0,Normale,
2026-04-18T01:28:44.971246,20,0.702,0.333,0.000,0.000,0.000,0,0.702,0,Normale,
2026-04-18T01:28:45.190295,20,0.713,0.333,0.000,0.000,0.000,0,0.713,0,Normale,
2026-04-18T01:28:45.411791,20,0.716,0.333,0.000,0.000,0.000,0,0.716,0,Normale,
2026-04-18T01:28:45.625940,20,0.716,0.333,0.000,0.000,0.000,0,0.716,0,Normale,
2026-04-18T01:28:45.851249,20,0.706,0.333,0.000,0.000,0.000,0,0.706,0,Normale,
2026-04-18T01:28:46.059562,20,0.705,0.333,0.000,0.000,0.000,0,0.705,0,Normale,
2026-04-18T01:28:46.290567,20,0.703,0.333,0.000,0.000,0.000,0,0.703,0,Normale,
2026-04-18T01:28:46.515093,20,0.708,0.333,0.000,0.000,0.000,0,0.708,0,Normale,
2026-04-18T01:28:46.724626,20,0.704,0.333,0.000,0.000,0.000,0,0.704,0,Normale,
2026-04-18T01:28:46.959144,20,0.706,0.333,0.000,0.000,0.000,0,0.706,0,Normale,
2026-04-18T01:28:47.164365,20,0.704,0.333,0.000,0.000,0.000,0,0.704,0,Normale,
2026-04-18T01:28:47.392165,20,0.685,0.333,0.000,0.000,0.000,0,0.685,0,Normale,
2026-04-18T01:28:47.610382,19,0.663,0.333,0.000,0.000,0.000,0,0.663,0,Normale,
2026-04-18T01:28:47.828956,19,0.639,0.333,0.000,0.000,0.000,0,0.639,0,Normale,
2026-04-18T01:28:48.055978,18,0.605,0.333,0.000,0.000,0.000,0,0.605,0,Normale,
2026-04-18T01:28:48.268602,17,0.562,0.333,0.000,0.000,0.000,0,0.562,0,Normale,
2026-04-18T01:28:48.490316,17,0.536,0.333,0.000,0.000,0.000,0,0.536,0,Normale,
2026-04-18T01:28:48.716256,17,0.520,0.333,0.000,0.000,0.000,0,0.520,0,Normale,
2026-04-18T01:28:48.962009,16,0.509,0.333,0.000,0.000,0.000,0,0.509,0,Normale,
2026-04-18T01:28:49.206666,16,0.504,0.333,0.000,0.000,0.000,0,0.504,0,Normale,
2026-04-18T01:28:49.442684,16,0.503,0.333,0.000,0.000,0.000,0,0.503,0,Normale,
2026-04-18T01:28:49.689252,16,0.501,0.333,0.000,0.000,0.000,0,0.501,0,Normale,
2026-04-18T01:28:49.910702,16,0.492,0.333,0.000,0.000,0.000,0,0.492,0,Normale,
2026-04-18T01:28:50.126880,16,0.488,0.333,0.000,0.000,0.000,0,0.488,0,Normale,
2026-04-18T01:28:50.339961,16,0.488,0.333,0.000,0.000,0.000,0,0.488,0,Normale,
2026-04-18T01:28:50.555835,16,0.490,0.333,0.000,0.000,0.000,0,0.490,0,Normale,
2026-04-18T01:28:50.782090,40,0.516,0.333,0.000,0.597,0.597,1,0.516,0,Normale,
2026-04-18T01:28:51.011998,40,0.548,0.333,0.000,0.567,0.567,1,0.548,0,Normale,
2026-04-18T01:28:51.228448,17,0.525,0.333,0.000,0.000,0.000,0,0.525,0,Normale,
2026-04-18T01:28:51.452655,16,0.510,0.333,0.000,0.000,0.000,0,0.510,0,Normale,
2026-04-18T01:28:51.670502,16,0.496,0.333,0.000,0.000,0.000,0,0.496,0,Normale,
2026-04-18T01:28:51.896209,15,0.461,0.333,0.000,0.000,0.000,0,0.461,0,Normale,
2026-04-18T01:28:52.109479,15,0.432,0.333,0.000,0.000,0.000,0,0.432,0,Normale,
2026-04-18T01:28:52.322504,15,0.458,0.333,0.000,0.000,0.000,0,0.458,0,Normale,
2026-04-18T01:28:52.551076,16,0.471,0.333,0.000,0.000,0.000,0,0.471,0,Normale,
2026-04-18T01:28:52.771816,16,0.483,0.333,0.000,0.000,0.000,0,0.483,0,Normale,
2026-04-18T01:28:52.988284,16,0.491,0.333,0.000,0.000,0.000,0,0.491,0,Normale,
2026-04-18T01:28:53.220222,16,0.484,0.333,0.000,0.000,0.000,0,0.484,0,Normale,
2026-04-18T01:28:53.451836,16,0.483,0.333,0.000,0.000,0.000,0,0.483,0,Normale,
2026-04-18T01:28:53.687136,16,0.480,0.333,0.000,0.000,0.000,0,0.480,0,Normale,
2026-04-18T01:28:53.957954,16,0.475,0.333,0.000,0.000,0.000,0,0.475,0,Normale,
2026-04-18T01:28:54.217703,16,0.474,0.333,0.000,0.000,0.000,0,0.474,0,Normale,
2026-04-18T01:28:54.444051,16,0.481,0.333,0.000,0.000,0.000,0,0.481,0,Normale,
2026-04-18T01:28:54.674667,16,0.490,0.333,0.000,0.000,0.000,0,0.490,0,Normale,
2026-04-18T01:28:54.899782,16,0.502,0.333,0.000,0.000,0.000,0,0.502,0,Normale,
2026-04-18T01:28:55.122118,17,0.519,0.333,0.000,0.000,0.000,0,0.519,0,Normale,
2026-04-18T01:28:55.346783,17,0.530,0.333,0.000,0.000,0.000,0,0.530,0,Normale,
2026-04-18T01:28:55.563964,17,0.536,0.333,0.000,0.000,0.000,0,0.536,0,Normale,
2026-04-18T01:28:55.788470,17,0.527,0.333,0.000,0.000,0.000,0,0.527,0,Normale,
2026-04-18T01:28:56.018251,17,0.534,0.333,0.000,0.000,0.000,0,0.534,0,Normale,
2026-04-18T01:28:56.235116,17,0.527,0.333,0.000,0.000,0.000,0,0.527,0,Normale,
2026-04-18T01:28:56.475015,17,0.525,0.333,0.000,0.000,0.000,0,0.525,0,Normale,
2026-04-18T01:28:56.728531,17,0.526,0.333,0.000,0.000,0.000,0,0.526,0,Normale,
2026-04-18T01:28:56.956912,17,0.531,0.333,0.000,0.000,0.000,0,0.531,0,Normale,
2026-04-18T01:28:57.189043,17,0.523,0.333,0.000,0.000,0.000,0,0.523,0,Normale,
2026-04-18T01:28:57.434577,17,0.529,0.333,0.000,0.000,0.000,0,0.529,0,Normale,
2026-04-18T01:28:57.660425,17,0.534,0.333,0.000,0.000,0.000,0,0.534,0,Normale,
2026-04-18T01:28:57.896944,17,0.536,0.333,0.000,0.000,0.000,0,0.536,0,Normale,
2026-04-18T01:28:58.108890,17,0.534,0.333,0.000,0.000,0.000,0,0.534,0,Normale,
2026-04-18T01:28:58.354793,17,0.529,0.333,0.000,0.000,0.000,0,0.529,0,Normale,
2026-04-18T01:28:58.581715,17,0.523,0.333,0.000,0.000,0.000,0,0.523,0,Normale,
2026-04-18T01:28:58.813086,17,0.522,0.333,0.000,0.000,0.000,0,0.522,0,Normale,
2026-04-18T01:28:59.049603,16,0.510,0.333,0.000,0.000,0.000,0,0.510,0,Normale,
2026-04-18T01:28:59.274505,16,0.505,0.333,0.000,0.000,0.000,0,0.505,0,Normale,
2026-04-18T01:28:59.496278,16,0.489,0.333,0.000,0.000,0.000,0,0.489,0,Normale,
2026-04-18T01:28:59.728111,36,0.472,0.333,1.000,0.000,0.000,0,0.472,0,Tournee (-173deg),
2026-04-18T01:28:59.953039,15,0.452,0.333,0.000,0.000,0.000,0,0.452,0,Normale,
2026-04-18T01:29:00.177894,15,0.444,0.333,0.000,0.000,0.000,0,0.444,0,Normale,
2026-04-18T01:29:00.392957,15,0.427,0.333,0.000,0.000,0.000,0,0.427,0,Normale,
2026-04-18T01:29:00.609981,15,0.424,0.333,0.000,0.000,0.000,0,0.424,0,Normale,
2026-04-18T01:29:00.825337,15,0.421,0.333,0.000,0.000,0.000,0,0.421,0,Normale,
2026-04-18T01:29:01.048408,34,0.415,0.333,1.000,0.000,0.000,0,0.415,0,Tournee (-173deg),
2026-04-18T01:29:01.261083,34,0.408,0.333,1.000,0.000,0.000,0,0.408,0,Tournee (-171deg),
2026-04-18T01:29:01.477506,34,0.409,0.333,1.000,0.000,0.000,0,0.409,0,Tournee (-172deg),
2026-04-18T01:29:01.694934,34,0.408,0.333,1.000,0.000,0.000,0,0.408,0,Tournee (-172deg),
2026-04-18T01:29:01.913564,14,0.404,0.333,0.000,0.000,0.000,0,0.404,0,Normale,
2026-04-18T01:29:02.168797,34,0.405,0.333,1.000,0.000,0.000,0,0.405,0,Tournee (-173deg),
2026-04-18T01:29:02.418806,34,0.409,0.333,1.000,0.000,0.000,0,0.409,0,Tournee (-173deg),
2026-04-18T01:29:02.812638,14,0.411,0.333,0.000,0.000,0.000,0,0.411,0,Normale,
2026-04-18T01:29:03.036349,15,0.434,0.333,0.000,0.000,0.000,0,0.434,0,Normale,
2026-04-18T01:29:03.260412,35,0.461,0.333,1.000,0.000,0.000,0,0.461,0,Tournee (179deg),
2026-04-18T01:29:03.486354,16,0.490,0.333,0.000,0.000,0.000,0,0.490,0,Normale,
2026-04-18T01:29:03.694186,17,0.527,0.333,0.000,0.000,0.000,0,0.527,0,Normale,
2026-04-18T01:29:03.919895,45,0.554,0.333,0.000,0.693,0.693,1,0.554,0,Normale,
2026-04-18T01:29:04.137575,17,0.560,0.333,0.000,0.000,0.000,0,0.560,0,Normale,
2026-04-18T01:29:04.355976,39,0.562,0.333,0.000,0.541,0.541,1,0.562,0,Normale,
2026-04-18T01:29:04.573983,38,0.562,0.333,0.000,0.514,0.514,1,0.562,0,Normale,
2026-04-18T01:29:04.786449,45,0.551,0.333,0.000,0.688,0.688,1,0.551,0,Normale,
2026-04-18T01:29:05.005677,17,0.551,0.333,0.000,0.000,0.000,0,0.551,0,Normale,
2026-04-18T01:29:05.228038,17,0.551,0.333,0.000,0.000,0.000,0,0.551,0,Normale,
2026-04-18T01:29:05.442592,44,0.551,0.333,0.000,0.677,0.677,1,0.551,0,Normale,
2026-04-18T01:29:05.656654,47,0.554,0.333,0.000,0.746,0.746,1,0.554,0,Normale,
2026-04-18T01:29:05.892150,17,0.558,0.333,0.000,0.000,0.000,0,0.558,0,Normale,
2026-04-18T01:29:06.109275,45,0.554,0.333,0.000,0.693,0.693,1,0.554,0,Normale,
2026-04-18T01:29:06.335119,39,0.552,0.333,0.000,0.536,0.536,1,0.552,0,Normale,
2026-04-18T01:29:06.555601,47,0.554,0.333,0.000,0.753,0.753,1,0.554,0,Normale,
2026-04-18T01:29:06.773007,52,0.554,0.333,0.000,0.877,0.877,1,0.554,0,Normale,VOICE_ALERT
2026-04-18T01:29:07.003812,37,0.548,0.333,0.000,0.509,0.509,1,0.548,0,Normale,
2026-04-18T01:29:07.233681,45,0.553,0.333,0.000,0.683,0.683,1,0.553,0,Normale,
2026-04-18T01:29:07.496273,45,0.549,0.333,0.000,0.688,0.688,1,0.549,0,Normale,
2026-04-18T01:29:07.789012,45,0.546,0.333,0.000,0.699,0.699,1,0.546,0,Normale,
2026-04-18T01:29:08.038881,48,0.546,0.333,0.000,0.782,0.782,1,0.546,0,Normale,
2026-04-18T01:29:08.294828,17,0.550,0.333,0.000,0.000,0.000,0,0.550,0,Normale,
2026-04-18T01:29:08.526280,17,0.552,0.333,0.000,0.000,0.000,0,0.552,0,Normale,
2026-04-18T01:29:08.755121,40,0.554,0.333,0.000,0.556,0.556,1,0.554,0,Normale,
2026-04-18T01:29:08.999206,17,0.554,0.333,0.000,0.000,0.000,0,0.554,0,Normale,
2026-04-18T01:29:09.250324,17,0.550,0.333,0.000,0.000,0.000,0,0.550,0,Normale,
2026-04-18T01:29:09.484561,17,0.549,0.333,0.000,0.000,0.000,0,0.549,0,Normale,
2026-04-18T01:29:09.706261,43,0.544,0.333,0.000,0.643,0.643,1,0.544,0,Normale,
2026-04-18T01:29:09.960272,17,0.546,0.333,0.000,0.000,0.000,0,0.546,0,Normale,
2026-04-18T01:29:10.205925,42,0.547,0.333,0.000,0.632,0.632,1,0.547,0,Normale,
2026-04-18T01:29:10.456275,17,0.547,0.333,0.000,0.000,0.000,0,0.547,0,Normale,
2026-04-18T01:29:10.684071,17,0.539,0.333,0.000,0.000,0.000,0,0.539,0,Normale,
2026-04-18T01:29:10.935888,17,0.537,0.333,0.000,0.000,0.000,0,0.537,0,Normale,
2026-04-18T01:29:11.169557,17,0.536,0.333,0.000,0.000,0.000,0,0.536,0,Normale,
2026-04-18T01:29:11.411256,38,0.532,0.333,0.000,0.521,0.521,1,0.532,0,Normale,
2026-04-18T01:29:11.674173,17,0.529,0.333,0.000,0.000,0.000,0,0.529,0,Normale,
2026-04-18T01:29:11.920039,17,0.529,0.333,0.000,0.000,0.000,0,0.529,0,Normale,
2026-04-18T01:29:12.170047,17,0.524,0.333,0.000,0.000,0.000,0,0.524,0,Normale,
2026-04-18T01:29:12.381593,17,0.517,0.333,0.000,0.000,0.000,0,0.517,0,Normale,
2026-04-18T01:29:12.630346,10,0.514,0.000,0.000,0.000,0.000,0,0.514,0,Normale,
2026-04-18T01:29:12.872113,10,0.511,0.000,0.000,0.000,0.000,0,0.511,0,Normale,
2026-04-18T01:29:13.121075,10,0.511,0.000,0.000,0.000,0.000,0,0.511,0,Normale,
2026-04-18T01:29:13.361532,36,0.516,0.000,0.000,0.648,0.648,1,0.516,0,Normale,
2026-04-18T01:29:13.600559,10,0.513,0.000,0.000,0.000,0.000,0,0.513,0,Normale,
2026-04-18T01:29:13.810531,32,0.519,0.000,0.000,0.553,0.553,1,0.519,0,Normale,
2026-04-18T01:29:14.045587,10,0.525,0.000,0.000,0.000,0.000,0,0.525,0,Normale,
2026-04-18T01:29:14.266194,10,0.530,0.000,0.000,0.000,0.000,0,0.530,0,Normale,
2026-04-18T01:29:14.513171,31,0.532,0.000,0.000,0.517,0.517,1,0.532,0,Normale,
2026-04-18T01:29:14.776763,10,0.538,0.000,0.000,0.000,0.000,0,0.538,0,Normale,
2026-04-18T01:29:15.018359,10,0.532,0.000,0.000,0.000,0.000,0,0.532,0,Normale,
2026-04-18T01:29:15.266090,33,0.528,0.000,0.000,0.581,0.581,1,0.528,0,Normale,
2026-04-18T01:29:15.467786,35,0.526,0.000,0.000,0.616,0.616,1,0.526,0,Normale,
2026-04-18T01:29:15.702354,32,0.523,0.000,0.000,0.556,0.556,1,0.523,0,Normale,
2026-04-18T01:29:15.922424,10,0.523,0.000,0.000,0.000,0.000,0,0.523,0,Normale,
2026-04-18T01:29:16.145466,30,0.525,0.000,1.000,0.000,0.000,0,0.525,0,Tournee (178deg),
2026-04-18T01:29:16.374387,10,0.535,0.000,0.000,0.000,0.000,0,0.535,0,Normale,
2026-04-18T01:29:16.587196,30,0.528,0.000,1.000,0.000,0.000,0,0.528,0,Tournee (-30deg),
2026-04-18T01:29:16.802399,30,0.515,0.000,1.000,0.000,0.000,0,0.515,0,Tournee (-32deg),
2026-04-18T01:29:17.029054,30,0.502,0.000,1.000,0.000,0.000,0,0.502,0,Tournee (-98deg),
2026-04-18T01:29:17.250640,30,0.500,0.000,1.000,0.000,0.000,0,0.500,0,Tournee (-38deg),
2026-04-18T01:29:17.466078,50,0.494,0.000,1.000,0.517,0.517,1,0.494,0,Tournee (-44deg),
2026-04-18T01:29:17.688188,29,0.482,0.000,1.000,0.000,0.000,0,0.482,0,Tournee (-44deg),
2026-04-18T01:29:17.911591,29,0.469,0.000,1.000,0.000,0.000,0,0.469,0,Tournee (-50deg),
2026-04-18T01:29:18.124219,29,0.482,0.000,1.000,0.000,0.000,0,0.482,0,Tournee (140deg),
2026-04-18T01:29:18.348006,9,0.495,0.000,0.000,0.000,0.000,0,0.495,0,Normale,
2026-04-18T01:29:18.560131,9,0.492,0.000,0.000,0.000,0.000,0,0.492,0,Normale,
2026-04-18T01:29:18.788506,9,0.500,0.000,0.000,0.000,0.000,0,0.500,0,Normale,
2026-04-18T01:29:18.988508,10,0.507,0.000,0.000,0.000,0.000,0,0.507,0,Normale,
2026-04-18T01:29:19.195243,9,0.471,0.000,0.000,0.000,0.000,0,0.471,0,Normale,
2026-04-18T01:29:19.420990,28,0.421,0.000,1.000,0.000,0.000,0,0.421,0,Tournee (179deg),
2026-04-18T01:29:19.646354,56,0.421,0.000,1.000,0.691,0.691,1,0.421,0,Tournee (-178deg),VOICE_ALERT
2026-04-18T01:29:19.874371,56,0.409,0.000,1.000,0.702,0.702,1,0.409,0,Tournee (-173deg),
2026-04-18T01:29:20.099191,57,0.414,0.000,1.000,0.730,0.730,1,0.414,0,Tournee (-175deg),
2026-04-18T01:29:20.332181,54,0.428,0.000,1.000,0.653,0.653,1,0.428,0,Tournee (-175deg),
2026-04-18T01:29:20.566124,28,0.414,0.000,1.000,0.000,0.000,0,0.414,0,Tournee (-176deg),
2026-04-18T01:29:20.780138,27,0.361,0.000,1.000,0.000,0.000,0,0.361,0,Tournee (-177deg),
2026-04-18T01:29:21.019709,6,0.329,0.000,0.000,0.000,0.000,0,0.329,0,Normale,
2026-04-18T01:29:21.241446,5,0.289,0.000,0.000,0.000,0.000,0,0.289,0,Normale,
2026-04-18T01:29:21.482169,25,0.253,0.000,1.000,0.000,0.000,0,0.253,0,Tournee (179deg),
2026-04-18T01:29:21.713324,25,0.253,0.000,1.000,0.000,0.000,0,0.253,0,Tournee (-177deg),
2026-04-18T01:29:21.937408,24,0.250,0.000,1.000,0.000,0.000,0,0.250,0,Tournee (-178deg),
2026-04-18T01:29:22.155468,5,0.257,0.000,0.000,0.000,0.000,0,0.257,0,Normale,
2026-04-18T01:29:22.377962,25,0.247,0.000,0.000,0.521,0.521,1,0.247,0,Normale,
2026-04-18T01:29:22.586898,5,0.250,0.000,0.000,0.000,0.000,0,0.250,0,Normale,
2026-04-18T01:29:22.811633,25,0.260,0.000,1.000,0.000,0.000,0,0.260,0,Tournee (-179deg),
2026-04-18T01:29:23.191091,10,0.518,0.000,0.000,0.000,0.000,0,0.518,0,Normale,
2026-04-18T01:29:23.424784,10,0.513,0.000,0.000,0.000,0.000,0,0.513,0,Normale,
2026-04-18T01:29:23.643226,10,0.516,0.000,0.000,0.000,0.000,0,0.516,0,Normale,
2026-04-18T01:29:23.866250,9,0.482,0.000,0.000,0.000,0.000,0,0.482,0,Normale,
2026-04-18T01:29:24.090115,9,0.473,0.000,0.000,0.000,0.000,0,0.473,0,Normale,
2026-04-18T01:29:24.307261,8,0.450,0.000,0.000,0.000,0.000,0,0.450,0,Normale,
2026-04-18T01:29:24.530712,8,0.428,0.000,0.000,0.000,0.000,0,0.428,0,Normale,
2026-04-18T01:29:24.748407,8,0.401,0.000,0.000,0.000,0.000,0,0.401,0,Normale,
2026-04-18T01:29:24.967676,30,0.423,0.000,0.000,0.543,0.543,1,0.423,0,Normale,
2026-04-18T01:29:25.181230,8,0.427,0.000,0.000,0.000,0.000,0,0.427,0,Normale,
2026-04-18T01:29:25.403051,34,0.446,0.000,0.000,0.646,0.646,1,0.446,0,Normale,
2026-04-18T01:29:25.611098,38,0.473,0.000,0.000,0.723,0.723,1,0.473,0,Normale,
2026-04-18T01:29:25.835018,9,0.486,0.000,0.000,0.000,0.000,0,0.486,0,Normale,
2026-04-18T01:29:26.059839,9,0.483,0.000,0.000,0.000,0.000,0,0.483,0,Normale,
2026-04-18T01:29:26.284899,9,0.492,0.000,0.000,0.000,0.000,0,0.492,0,Normale,
2026-04-18T01:29:26.505934,9,0.491,0.000,0.000,0.000,0.000,0,0.491,0,Normale,
2026-04-18T01:29:26.735477,9,0.475,0.000,0.000,0.000,0.000,0,0.475,0,Normale,
2026-04-18T01:29:26.940066,9,0.475,0.000,0.000,0.000,0.000,0,0.475,0,Normale,
2026-04-18T01:29:27.175335,9,0.480,0.000,0.000,0.000,0.000,0,0.480,0,Normale,
2026-04-18T01:29:27.387894,9,0.473,0.000,0.000,0.000,0.000,0,0.473,0,Normale,
2026-04-18T01:29:27.601936,9,0.468,0.000,0.000,0.000,0.000,0,0.468,0,Normale,
2026-04-18T01:29:27.816191,9,0.469,0.000,0.000,0.000,0.000,0,0.469,0,Normale,
2026-04-18T01:29:28.030254,9,0.471,0.000,0.000,0.000,0.000,0,0.471,0,Normale,
2026-04-18T01:29:28.252113,9,0.465,0.000,0.000,0.000,0.000,0,0.465,0,Normale,
2026-04-18T01:29:28.467711,9,0.469,0.000,0.000,0.000,0.000,0,0.469,0,Normale,
2026-04-18T01:29:28.671670,9,0.467,0.000,0.000,0.000,0.000,0,0.467,0,Normale,
2026-04-18T01:29:28.900169,37,0.496,0.000,0.000,0.699,0.699,1,0.496,0,Normale,
2026-04-18T01:29:29.117903,35,0.519,0.000,0.000,0.640,0.640,1,0.519,0,Normale,
2026-04-18T01:29:29.340036,36,0.537,0.000,0.000,0.648,0.648,1,0.537,0,Normale,
2026-04-18T01:29:29.563810,35,0.554,0.000,0.000,0.618,0.618,1,0.554,0,Normale,
2026-04-18T01:29:29.781159,35,0.587,0.000,0.000,0.585,0.585,1,0.587,0,Normale,
2026-04-18T01:29:29.995890,34,0.576,0.000,0.000,0.577,0.577,1,0.576,0,Normale,
2026-04-18T01:29:30.204697,36,0.569,0.000,0.000,0.621,0.621,1,0.569,0,Normale,
2026-04-18T01:29:30.427012,37,0.564,0.000,0.000,0.652,0.652,1,0.564,0,Normale,
2026-04-18T01:29:30.636015,31,0.558,0.000,0.000,0.508,0.508,1,0.558,0,Normale,
2026-04-18T01:29:30.863452,34,0.552,0.000,0.000,0.599,0.599,1,0.552,0,Normale,
2026-04-18T01:29:31.081715,37,0.556,0.000,0.000,0.648,0.648,1,0.556,0,Normale,
2026-04-18T01:29:31.292273,36,0.561,0.000,0.000,0.631,0.631,1,0.561,0,Normale,
2026-04-18T01:29:31.515058,33,0.569,0.000,0.000,0.550,0.550,1,0.569,0,Normale,
2026-04-18T01:29:31.723531,34,0.575,0.000,0.000,0.568,0.568,1,0.575,0,Normale,
2026-04-18T01:29:31.951565,35,0.565,0.000,0.000,0.597,0.597,1,0.565,0,Normale,
2026-04-18T01:29:32.171796,10,0.541,0.000,0.000,0.000,0.000,0,0.541,0,Normale,
2026-04-18T01:29:32.397095,38,0.542,0.000,0.000,0.700,0.700,1,0.542,0,Normale,
2026-04-18T01:29:32.615479,35,0.547,0.000,0.000,0.608,0.608,1,0.547,0,Normale,
2026-04-18T01:29:32.828223,31,0.543,0.000,0.000,0.528,0.528,1,0.543,0,Normale,
2026-04-18T01:29:33.048438,40,0.547,0.000,0.000,0.746,0.746,1,0.547,0,Normale,
2026-04-18T01:29:33.261579,35,0.569,0.000,0.000,0.597,0.597,1,0.569,0,Normale,
2026-04-18T01:29:33.495628,35,0.563,0.000,0.000,0.595,0.595,1,0.563,0,Normale,
2026-04-18T01:29:33.715683,39,0.564,0.000,0.000,0.698,0.698,1,0.564,0,Normale,
2026-04-18T01:29:33.933892,41,0.570,0.000,0.000,0.750,0.750,1,0.570,0,Normale,
2026-04-18T01:29:34.154590,38,0.582,0.000,0.000,0.680,0.680,1,0.582,0,Normale,
2026-04-18T01:29:34.378008,34,0.596,0.000,0.000,0.555,0.555,1,0.596,0,Normale,
2026-04-18T01:29:34.588731,35,0.605,0.000,0.000,0.591,0.591,1,0.605,0,Normale,
2026-04-18T01:29:34.818433,32,0.614,0.000,0.000,0.501,0.501,1,0.614,0,Normale,
2026-04-18T01:29:35.041600,11,0.589,0.000,0.000,0.000,0.000,0,0.589,0,Normale,
2026-04-18T01:29:35.258944,11,0.555,0.000,0.000,0.000,0.000,0,0.555,0,Normale,
2026-04-18T01:29:35.477209,10,0.523,0.000,0.000,0.000,0.000,0,0.523,0,Normale,
2026-04-18T01:29:35.691255,9,0.495,0.000,0.000,0.000,0.000,0,0.495,0,Normale,
2026-04-18T01:29:35.916502,9,0.456,0.000,0.000,0.000,0.000,0,0.456,0,Normale,
2026-04-18T01:29:36.123896,30,0.478,0.000,0.000,0.517,0.517,1,0.478,0,Normale,
2026-04-18T01:29:36.344347,9,0.478,0.000,0.000,0.000,0.000,0,0.478,0,Normale,
2026-04-18T01:29:36.555958,30,0.516,0.000,0.000,0.515,0.515,1,0.516,0,Normale,
2026-04-18T01:29:36.786733,10,0.515,0.000,0.000,0.000,0.000,0,0.515,0,Normale,
2026-04-18T01:29:37.009288,33,0.532,0.000,0.000,0.568,0.568,1,0.532,0,Normale,
2026-04-18T01:29:37.235540,10,0.507,0.000,0.000,0.000,0.000,0,0.507,0,Normale,
2026-04-18T01:29:37.454103,32,0.527,0.000,0.000,0.541,0.541,1,0.527,0,Normale,
2026-04-18T01:29:37.676343,9,0.486,0.000,0.000,0.000,0.000,0,0.486,0,Normale,
2026-04-18T01:29:37.887088,9,0.487,0.000,0.000,0.000,0.000,0,0.487,0,Normale,
2026-04-18T01:29:38.105724,9,0.478,0.000,0.000,0.000,0.000,0,0.478,0,Normale,
2026-04-18T01:29:38.324299,9,0.482,0.000,0.000,0.000,0.000,0,0.482,0,Normale,
2026-04-18T01:29:38.537349,9,0.467,0.000,0.000,0.000,0.000,0,0.467,0,Normale,
2026-04-18T01:29:38.760619,9,0.470,0.000,0.000,0.000,0.000,0,0.470,0,Normale,
2026-04-18T01:29:38.978078,30,0.481,0.000,0.000,0.511,0.511,1,0.481,0,Normale,
2026-04-18T01:29:39.202360,9,0.477,0.000,0.000,0.000,0.000,0,0.477,0,Normale,
2026-04-18T01:29:39.419283,36,0.478,0.000,0.000,0.669,0.669,1,0.478,0,Normale,
2026-04-18T01:29:39.641249,9,0.475,0.000,0.000,0.000,0.000,0,0.475,0,Normale,
2026-04-18T01:29:39.865905,30,0.477,0.000,0.000,0.512,0.512,1,0.477,0,Normale,
2026-04-18T01:29:40.077178,32,0.466,0.000,0.000,0.577,0.577,1,0.466,0,Normale,
2026-04-18T01:29:40.309129,31,0.468,0.000,0.000,0.549,0.549,1,0.468,0,Normale,
2026-04-18T01:29:40.529113,9,0.469,0.000,0.000,0.000,0.000,0,0.469,0,Normale,
2026-04-18T01:29:40.731576,30,0.471,0.000,0.000,0.527,0.527,1,0.471,0,Normale,
2026-04-18T01:29:40.972080,32,0.464,0.000,0.000,0.585,0.585,1,0.464,0,Normale,
2026-04-18T01:29:41.195771,9,0.468,0.000,0.000,0.000,0.000,0,0.468,0,Normale,
2026-04-18T01:29:41.403384,34,0.462,0.000,0.000,0.633,0.633,1,0.462,0,Normale,
2026-04-18T01:29:41.637849,31,0.461,0.000,0.000,0.551,0.551,1,0.461,0,Normale,
2026-04-18T01:29:41.863079,34,0.462,0.000,0.000,0.632,0.632,1,0.462,0,Normale,
2026-04-18T01:29:42.101080,29,0.461,0.000,0.000,0.519,0.519,1,0.461,0,Normale,
2026-04-18T01:29:42.321523,31,0.461,0.000,0.000,0.547,0.547,1,0.461,0,Normale,
2026-04-18T01:29:42.540122,33,0.470,0.000,0.000,0.592,0.592,1,0.470,0,Normale,
2026-04-18T01:29:42.763569,9,0.471,0.000,0.000,0.000,0.000,0,0.471,0,Normale,
2026-04-18T01:29:43.007512,29,0.473,0.000,0.000,0.512,0.512,1,0.473,0,Normale,
2026-04-18T01:29:43.247166,33,0.478,0.000,0.000,0.589,0.589,1,0.478,0,Normale,
2026-04-18T01:29:43.467903,34,0.471,0.000,0.000,0.628,0.628,1,0.471,0,Normale,
2026-04-18T01:29:43.691009,33,0.463,0.000,0.000,0.597,0.597,1,0.463,0,Normale,
2026-04-18T01:29:43.909743,29,0.462,0.000,0.000,0.509,0.509,1,0.462,0,Normale,
2026-04-18T01:29:44.121359,32,0.459,0.000,0.000,0.592,0.592,1,0.459,0,Normale,
2026-04-18T01:29:44.335400,37,0.458,0.000,0.000,0.700,0.700,1,0.458,0,Normale,
2026-04-18T01:29:44.562576,35,0.462,0.000,0.000,0.665,0.665,1,0.462,0,Normale,
2026-04-18T01:29:44.783795,32,0.468,0.000,0.000,0.586,0.586,1,0.468,0,Normale,
2026-04-18T01:29:44.998813,34,0.463,0.000,0.000,0.629,0.629,1,0.463,0,Normale,
2026-04-18T01:29:45.211592,35,0.458,0.000,0.000,0.670,0.670,1,0.458,0,Normale,
2026-04-18T01:29:45.427435,33,0.459,0.000,0.000,0.604,0.604,1,0.459,0,Normale,
2026-04-18T01:29:45.649329,35,0.459,0.000,0.000,0.647,0.647,1,0.459,0,Normale,
2026-04-18T01:29:45.863437,37,0.459,0.000,0.000,0.718,0.718,1,0.459,0,Normale,
2026-04-18T01:29:46.081331,38,0.463,0.000,0.000,0.732,0.732,1,0.463,0,Normale,
2026-04-18T01:29:46.297467,29,0.468,0.000,0.000,0.511,0.511,1,0.468,0,Normale,
2026-04-18T01:29:46.513103,9,0.468,0.000,0.000,0.000,0.000,0,0.468,0,Normale,
2026-04-18T01:29:46.733593,9,0.469,0.000,0.000,0.000,0.000,0,0.469,0,Normale,
2026-04-18T01:29:46.954778,34,0.465,0.000,0.000,0.635,0.635,1,0.465,0,Normale,
2026-04-18T01:29:47.189146,16,0.498,0.333,0.000,0.000,0.000,0,0.498,1,Normale,
2026-04-18T01:29:47.411652,39,0.536,0.333,0.000,0.546,0.546,1,0.536,0,Normale,
2026-04-18T01:29:47.636018,39,0.580,0.333,0.000,0.543,0.543,1,0.580,0,Normale,
2026-04-18T01:29:47.863604,43,0.624,0.333,0.000,0.621,0.621,1,0.624,0,Normale,
2026-04-18T01:29:48.092824,48,0.670,0.333,0.000,0.707,0.707,1,0.670,0,Normale,
2026-04-18T01:29:48.316248,43,0.681,0.333,0.000,0.590,0.590,1,0.681,0,Normale,
2026-04-18T01:29:48.536211,20,0.685,0.333,0.000,0.000,0.000,0,0.685,0,Normale,
2026-04-18T01:29:48.758520,43,0.682,0.333,0.000,0.575,0.575,1,0.682,0,Normale,
2026-04-18T01:29:48.983570,44,0.682,0.333,0.000,0.612,0.612,1,0.682,0,Normale,
2026-04-18T01:29:49.207926,45,0.644,0.333,0.000,0.637,0.637,1,0.644,0,Normale,
2026-04-18T01:29:49.419282,44,0.604,0.333,0.000,0.644,0.644,1,0.604,0,Normale,
2026-04-18T01:29:49.647153,17,0.556,0.333,0.000,0.000,0.000,0,0.556,0,Normale,
2026-04-18T01:29:49.873413,42,0.509,0.333,0.000,0.649,0.649,1,0.509,0,Normale,
2026-04-18T01:29:50.092755,42,0.466,0.333,0.000,0.661,0.661,1,0.466,0,Normale,
2026-04-18T01:29:50.316862,44,0.481,0.667,0.000,0.533,0.533,1,0.481,1,Normale,
2026-04-18T01:29:50.525141,23,0.494,0.667,0.000,0.000,0.000,0,0.494,0,Normale,
2026-04-18T01:29:50.749317,23,0.533,0.667,0.000,0.000,0.000,0,0.533,0,Normale,
2026-04-18T01:29:50.973806,24,0.576,0.667,0.000,0.000,0.000,0,0.576,0,Normale,
2026-04-18T01:29:51.183111,47,0.607,0.667,0.000,0.560,0.560,1,0.607,0,Normale,
2026-04-18T01:29:51.419286,47,0.630,0.667,0.000,0.545,0.545,1,0.630,0,Normale,
2026-04-18T01:29:51.645873,26,0.643,0.667,0.000,0.000,0.000,0,0.643,0,Normale,
2026-04-18T01:29:51.850322,26,0.639,0.667,0.000,0.000,0.000,0,0.639,0,Normale,
2026-04-18T01:29:52.075478,25,0.630,0.667,0.000,0.000,0.000,0,0.630,0,Normale,
2026-04-18T01:29:52.300078,25,0.630,0.667,0.000,0.000,0.000,0,0.630,0,Normale,
2026-04-18T01:29:52.508247,25,0.592,0.667,0.000,0.000,0.000,0,0.592,0,Normale,
2026-04-18T01:29:52.714932,46,0.573,0.667,0.000,0.549,0.549,1,0.573,0,Normale,
2026-04-18T01:29:52.947548,46,0.552,0.667,0.000,0.551,0.551,1,0.552,0,Normale,
2026-04-18T01:29:53.168508,23,0.524,0.667,0.000,0.000,0.000,0,0.524,0,Normale,
2026-04-18T01:29:53.380004,23,0.493,0.667,0.000,0.000,0.000,0,0.493,0,Normale,
2026-04-18T01:29:53.596199,47,0.496,0.667,0.000,0.611,0.611,1,0.496,0,Normale,
2026-04-18T01:29:53.818305,45,0.489,0.667,0.000,0.550,0.550,1,0.489,0,Normale,
2026-04-18T01:29:54.041620,48,0.484,0.667,0.000,0.632,0.632,1,0.484,0,Normale,
2026-04-18T01:29:54.266545,22,0.482,0.667,0.000,0.000,0.000,0,0.482,0,Normale,
2026-04-18T01:29:54.477353,43,0.494,0.667,0.000,0.500,0.500,1,0.494,0,Normale,
2026-04-18T01:29:54.700289,23,0.486,0.667,0.000,0.000,0.000,0,0.486,0,Normale,
2026-04-18T01:29:54.921613,44,0.491,0.667,0.000,0.536,0.536,1,0.491,0,Normale,
2026-04-18T01:29:55.131382,23,0.488,0.667,0.000,0.000,0.000,0,0.488,0,Normale,
2026-04-18T01:29:55.362581,43,0.494,0.667,0.000,0.502,0.502,1,0.494,0,Normale,
2026-04-18T01:29:55.583468,23,0.484,0.667,0.000,0.000,0.000,0,0.484,0,Normale,
2026-04-18T01:29:55.800467,22,0.483,0.667,0.000,0.000,0.000,0,0.483,0,Normale,
2026-04-18T01:29:56.012411,43,0.486,0.667,0.000,0.519,0.519,1,0.486,0,Normale,
2026-04-18T01:29:56.235841,23,0.485,0.667,0.000,0.000,0.000,0,0.485,0,Normale,
2026-04-18T01:29:56.466297,23,0.484,0.667,0.000,0.000,0.000,0,0.484,0,Normale,
2026-04-18T01:29:56.684632,23,0.485,0.667,0.000,0.000,0.000,0,0.485,0,Normale,
2026-04-18T01:29:56.907223,23,0.484,0.667,0.000,0.000,0.000,0,0.484,0,Normale,
2026-04-18T01:29:57.132620,22,0.472,0.667,0.000,0.000,0.000,0,0.472,0,Normale,
2026-04-18T01:29:57.355405,54,0.497,0.667,0.000,0.783,0.783,1,0.497,0,Normale,VOICE_ALERT
2026-04-18T01:29:57.578927,54,0.522,0.667,0.000,0.762,0.762,1,0.522,0,Normale,
2026-04-18T01:29:57.797193,60,0.540,0.667,0.000,0.920,0.920,1,0.540,0,Normale,
2026-04-18T01:29:58.028686,57,0.551,0.667,0.000,0.836,0.836,1,0.551,0,Normale,
2026-04-18T01:29:58.299002,60,0.568,0.667,0.000,0.906,0.906,1,0.568,0,Normale,
2026-04-18T01:29:58.523157,58,0.548,0.667,0.000,0.843,0.843,1,0.548,0,Normale,
2026-04-18T01:29:58.755691,57,0.523,0.667,0.000,0.836,0.836,1,0.523,0,Normale,
2026-04-18T01:29:58.968519,74,0.508,0.667,1.000,0.787,0.787,1,0.508,0,Tournee (169deg),
2026-04-18T01:29:59.185393,78,0.491,0.667,1.000,0.885,0.885,1,0.491,0,Tournee (170deg),
2026-04-18T01:29:59.483165,76,0.469,0.667,1.000,0.857,0.857,1,0.469,0,Tournee (169deg),
2026-04-18T01:29:59.709493,75,0.459,0.667,1.000,0.835,0.835,1,0.459,0,Tournee (167deg),
2026-04-18T01:29:59.931472,70,0.448,0.667,1.000,0.709,0.709,1,0.448,0,Tournee (167deg),
2026-04-18T01:30:00.153998,74,0.451,0.667,1.000,0.804,0.804,1,0.451,0,Tournee (168deg),
2026-04-18T01:30:00.369891,75,0.461,0.667,1.000,0.818,0.818,1,0.461,0,Tournee (168deg),
2026-04-18T01:30:00.593824,75,0.462,0.667,1.000,0.824,0.824,1,0.462,0,Tournee (168deg),
2026-04-18T01:30:00.809571,73,0.467,0.667,1.000,0.772,0.772,1,0.467,0,Tournee (166deg),
2026-04-18T01:30:01.025462,72,0.468,0.667,1.000,0.735,0.735,1,0.468,0,Tournee (168deg),
2026-04-18T01:30:01.250604,72,0.455,0.667,1.000,0.741,0.741,1,0.455,0,Tournee (166deg),
2026-04-18T01:30:01.463230,72,0.452,0.667,1.000,0.753,0.753,1,0.452,0,Tournee (167deg),
2026-04-18T01:30:01.688433,67,0.454,0.667,1.000,0.630,0.630,1,0.454,0,Tournee (167deg),
2026-04-18T01:30:01.907787,75,0.453,0.667,1.000,0.818,0.818,1,0.453,0,Tournee (166deg),
2026-04-18T01:30:02.126370,74,0.462,0.667,1.000,0.789,0.789,1,0.462,0,Tournee (166deg),
2026-04-18T01:30:02.344503,72,0.463,0.667,1.000,0.738,0.738,1,0.463,0,Tournee (166deg),
2026-04-18T01:30:02.562608,73,0.473,0.667,1.000,0.767,0.767,1,0.473,0,Tournee (166deg),
2026-04-18T01:30:02.797592,75,0.466,0.667,1.000,0.815,0.815,1,0.466,0,Tournee (165deg),
2026-04-18T01:30:03.019803,72,0.470,0.667,1.000,0.745,0.745,1,0.470,0,Tournee (165deg),
2026-04-18T01:30:03.228530,75,0.469,0.667,1.000,0.821,0.821,1,0.469,0,Tournee (165deg),
2026-04-18T01:30:03.462674,73,0.472,0.667,1.000,0.771,0.771,1,0.472,0,Tournee (167deg),VOICE_ALERT
2026-04-18T01:30:03.717843,76,0.462,0.667,1.000,0.857,0.857,1,0.462,0,Tournee (166deg),
2026-04-18T01:30:03.958148,70,0.464,0.667,1.000,0.705,0.705,1,0.464,0,Tournee (166deg),
2026-04-18T01:30:04.188435,74,0.451,0.667,1.000,0.797,0.797,1,0.451,0,Tournee (166deg),
2026-04-18T01:30:04.434334,68,0.446,0.667,1.000,0.659,0.659,1,0.446,0,Tournee (165deg),
2026-04-18T01:30:04.673456,75,0.453,0.667,1.000,0.839,0.839,1,0.453,0,Tournee (166deg),
2026-04-18T01:30:04.933082,74,0.447,0.667,1.000,0.814,0.814,1,0.447,0,Tournee (166deg),
2026-04-18T01:30:05.181349,72,0.454,0.667,1.000,0.748,0.748,1,0.454,0,Tournee (166deg),
2026-04-18T01:30:05.417954,75,0.453,0.667,1.000,0.833,0.833,1,0.453,0,Inclinee gauche (156deg),
2026-04-18T01:30:05.662509,76,0.461,0.667,1.000,0.842,0.842,1,0.461,0,Inclinee gauche (158deg),
2026-04-18T01:30:05.911078,76,0.443,0.667,1.000,0.869,0.869,1,0.443,0,Tournee (167deg),
2026-04-18T01:30:06.136786,74,0.441,0.667,1.000,0.802,0.802,1,0.441,0,Tournee (166deg),
2026-04-18T01:30:06.378945,73,0.449,0.667,1.000,0.792,0.792,1,0.449,0,Tournee (167deg),
2026-04-18T01:30:06.606708,73,0.470,0.667,1.000,0.776,0.776,1,0.470,0,Tournee (167deg),
2026-04-18T01:30:06.834568,76,0.469,0.667,1.000,0.835,0.835,1,0.469,0,Inclinee gauche (158deg),
2026-04-18T01:30:07.067972,75,0.484,0.667,1.000,0.824,0.824,1,0.484,0,Tournee (164deg),
2026-04-18T01:30:07.292874,73,0.489,0.667,1.000,0.761,0.761,1,0.489,0,Tournee (164deg),
2026-04-18T01:30:07.519062,74,0.473,0.667,1.000,0.786,0.786,1,0.473,0,Tournee (164deg),
2026-04-18T01:30:07.739208,75,0.464,0.667,1.000,0.812,0.812,1,0.464,0,Tournee (163deg),
2026-04-18T01:30:07.975558,76,0.469,0.667,1.000,0.851,0.851,1,0.469,0,Tournee (162deg),
2026-04-18T01:30:08.203110,76,0.477,0.667,1.000,0.839,0.839,1,0.477,0,Tournee (162deg),
2026-04-18T01:30:08.431326,76,0.484,0.667,1.000,0.843,0.843,1,0.484,0,Tournee (162deg),
2026-04-18T01:30:08.682341,75,0.508,0.667,1.000,0.799,0.799,1,0.508,0,Tournee (163deg),
2026-04-18T01:30:08.919790,76,0.502,0.667,1.000,0.838,0.838,1,0.502,0,Tournee (162deg),
2026-04-18T01:30:09.184464,77,0.509,0.667,1.000,0.845,0.845,1,0.509,0,Tournee (163deg),
2026-04-18T01:30:09.424037,76,0.510,0.667,1.000,0.814,0.814,1,0.510,0,Inclinee gauche (159deg),
2026-04-18T01:30:09.643250,76,0.512,0.667,1.000,0.826,0.826,1,0.512,0,Tournee (161deg),VOICE_ALERT
2026-04-18T01:30:09.956758,78,0.502,0.667,1.000,0.883,0.883,1,0.502,0,Tournee (163deg),
2026-04-18T01:30:10.226470,77,0.511,0.667,1.000,0.860,0.860,1,0.511,0,Tournee (163deg),
2026-04-18T01:30:10.487012,76,0.496,0.667,1.000,0.834,0.834,1,0.496,0,Tournee (161deg),
2026-04-18T01:30:10.710296,78,0.492,0.667,1.000,0.877,0.877,1,0.492,0,Tournee (164deg),
2026-04-18T01:30:10.927587,74,0.503,0.667,1.000,0.780,0.780,1,0.503,0,Tournee (163deg),
2026-04-18T01:30:11.132511,77,0.509,0.667,1.000,0.851,0.851,1,0.509,0,Tournee (164deg),
2026-04-18T01:30:11.365307,77,0.518,0.667,1.000,0.840,0.840,1,0.518,0,Tournee (163deg),
2026-04-18T01:30:11.594617,78,0.533,0.667,1.000,0.861,0.861,1,0.533,0,Tournee (163deg),
2026-04-18T01:30:11.803335,76,0.525,0.667,1.000,0.808,0.808,1,0.525,0,Tournee (163deg),
2026-04-18T01:30:12.031440,78,0.513,0.667,1.000,0.867,0.867,1,0.513,0,Tournee (164deg),
2026-04-18T01:30:12.252652,77,0.519,0.667,1.000,0.843,0.843,1,0.519,0,Tournee (164deg),
2026-04-18T01:30:12.462443,74,0.515,0.667,1.000,0.773,0.773,1,0.515,0,Tournee (164deg),
2026-04-18T01:30:12.689266,78,0.513,0.667,1.000,0.876,0.876,1,0.513,0,Tournee (164deg),
2026-04-18T01:30:12.914369,77,0.525,0.667,1.000,0.834,0.834,1,0.525,0,Tournee (165deg),
2026-04-18T01:30:13.132480,76,0.542,0.667,1.000,0.820,0.820,1,0.542,0,Tournee (164deg),
2026-04-18T01:30:13.357106,78,0.545,0.667,1.000,0.860,0.860,1,0.545,0,Tournee (164deg),
2026-04-18T01:30:13.578455,78,0.539,0.667,1.000,0.870,0.870,1,0.539,0,Tournee (164deg),
2026-04-18T01:30:13.795570,77,0.530,0.667,1.000,0.833,0.833,1,0.530,0,Tournee (164deg),
2026-04-18T01:30:14.011918,77,0.514,0.667,1.000,0.844,0.844,1,0.514,0,Tournee (165deg),
2026-04-18T01:30:14.233520,77,0.506,0.667,1.000,0.861,0.861,1,0.506,0,Tournee (164deg),
2026-04-18T01:30:14.456406,76,0.485,0.667,1.000,0.830,0.830,1,0.485,0,Tournee (164deg),
2026-04-18T01:30:14.693511,74,0.476,0.667,1.000,0.790,0.790,1,0.476,0,Tournee (165deg),
2026-04-18T01:30:14.934393,77,0.480,0.667,1.000,0.874,0.874,1,0.480,0,Tournee (165deg),
2026-04-18T01:30:15.188827,74,0.485,0.667,1.000,0.781,0.781,1,0.485,0,Tournee (164deg),
2026-04-18T01:30:15.436093,78,0.469,0.667,1.000,0.887,0.887,1,0.469,0,Tournee (164deg),
2026-04-18T01:30:15.678744,77,0.464,0.667,1.000,0.872,0.872,1,0.464,0,Tournee (165deg),VOICE_ALERT
2026-04-18T01:30:15.953602,76,0.466,0.667,1.000,0.852,0.852,1,0.466,0,Tournee (166deg),
2026-04-18T01:30:16.192573,76,0.464,0.667,1.000,0.857,0.857,1,0.464,0,Tournee (165deg),
2026-04-18T01:30:16.473204,76,0.450,0.667,1.000,0.863,0.863,1,0.450,0,Tournee (166deg),
2026-04-18T01:30:16.718328,74,0.454,0.667,1.000,0.790,0.790,1,0.454,0,Tournee (165deg),
2026-04-18T01:30:16.955596,77,0.458,0.667,1.000,0.870,0.870,1,0.458,0,Tournee (167deg),
2026-04-18T01:30:17.218344,68,0.452,0.333,1.000,0.820,0.820,1,0.452,0,Tournee (166deg),
2026-04-18T01:30:17.473247,48,0.450,0.333,0.000,0.817,0.817,1,0.450,0,Normale,
2026-04-18T01:30:17.713274,48,0.461,0.333,0.000,0.819,0.819,1,0.461,0,Normale,
2026-04-18T01:30:17.941729,50,0.452,0.333,0.000,0.881,0.881,1,0.452,0,Normale,
2026-04-18T01:30:18.186395,69,0.457,0.333,1.000,0.853,0.853,1,0.457,0,Tournee (166deg),
2026-04-18T01:30:18.420685,70,0.473,0.333,1.000,0.863,0.863,1,0.473,0,Tournee (166deg),
2026-04-18T01:30:18.651372,49,0.474,0.333,0.000,0.844,0.844,1,0.474,0,Normale,
2026-04-18T01:30:18.884589,70,0.473,0.333,1.000,0.856,0.856,1,0.473,0,Tournee (165deg),
2026-04-18T01:30:19.104228,70,0.479,0.333,1.000,0.845,0.845,1,0.479,0,Tournee (165deg),
2026-04-18T01:30:19.333325,68,0.471,0.333,1.000,0.804,0.804,1,0.471,0,Tournee (166deg),
2026-04-18T01:30:19.565447,70,0.456,0.333,1.000,0.871,0.871,1,0.456,0,Tournee (167deg),
2026-04-18T01:30:19.781665,70,0.452,0.333,1.000,0.873,0.873,1,0.452,0,Tournee (165deg),
2026-04-18T01:30:20.001140,70,0.446,0.333,1.000,0.869,0.869,1,0.446,0,Tournee (166deg),
2026-04-18T01:30:20.210518,68,0.447,0.333,1.000,0.827,0.827,1,0.447,0,Tournee (166deg),
2026-04-18T01:30:20.432652,58,0.469,0.000,1.000,0.724,0.724,1,0.469,0,Tournee (164deg),
2026-04-18T01:30:20.683669,63,0.486,0.000,1.000,0.849,0.849,1,0.486,0,Tournee (166deg),
2026-04-18T01:30:20.906518,63,0.493,0.000,1.000,0.839,0.839,1,0.493,0,Tournee (165deg),
2026-04-18T01:30:21.126226,64,0.492,0.000,1.000,0.857,0.857,1,0.492,0,Tournee (166deg),
2026-04-18T01:30:21.343097,62,0.493,0.000,1.000,0.827,0.827,1,0.493,0,Tournee (167deg),
2026-04-18T01:30:21.562723,63,0.478,0.000,1.000,0.844,0.844,1,0.478,0,Tournee (165deg),
2026-04-18T01:30:21.790472,61,0.460,0.000,1.000,0.808,0.808,1,0.460,0,Tournee (165deg),VOICE_ALERT
2026-04-18T01:30:22.034176,60,0.455,0.000,1.000,0.789,0.789,1,0.455,0,Tournee (165deg),
2026-04-18T01:30:22.264542,62,0.456,0.000,1.000,0.844,0.844,1,0.456,0,Tournee (164deg),
2026-04-18T01:30:22.507579,43,0.456,0.000,0.000,0.872,0.872,1,0.456,0,Normale,
2026-04-18T01:30:22.731607,61,0.449,0.000,1.000,0.824,0.824,1,0.449,0,Tournee (165deg),
2026-04-18T01:30:22.945212,63,0.449,0.000,1.000,0.857,0.857,1,0.449,0,Tournee (165deg),
2026-04-18T01:30:23.162286,44,0.464,0.000,0.000,0.873,0.873,1,0.464,0,Normale,
2026-04-18T01:30:23.377852,61,0.467,0.000,1.000,0.803,0.803,1,0.467,0,Tournee (165deg),
2026-04-18T01:30:23.602135,62,0.461,0.000,1.000,0.835,0.835,1,0.461,0,Tournee (165deg),
2026-04-18T01:30:23.819671,63,0.462,0.000,1.000,0.856,0.856,1,0.462,0,Tournee (165deg),
2026-04-18T01:30:24.040348,62,0.467,0.000,1.000,0.841,0.841,1,0.467,0,Tournee (165deg),
2026-04-18T01:30:24.258412,60,0.450,0.000,1.000,0.792,0.792,1,0.450,0,Tournee (165deg),
2026-04-18T01:30:24.476298,62,0.445,0.000,1.000,0.850,0.850,1,0.445,0,Tournee (165deg),
2026-04-18T01:30:24.699163,60,0.441,0.000,1.000,0.796,0.796,1,0.441,0,Tournee (165deg),
2026-04-18T01:30:24.906677,61,0.443,0.000,1.000,0.826,0.826,1,0.443,0,Tournee (166deg),
2026-04-18T01:30:25.130973,63,0.445,0.000,1.000,0.867,0.867,1,0.445,0,Tournee (165deg),
2026-04-18T01:30:25.359946,63,0.441,0.000,1.000,0.860,0.860,1,0.441,0,Tournee (165deg),
2026-04-18T01:30:25.580775,63,0.448,0.000,1.000,0.867,0.867,1,0.448,0,Tournee (165deg),
2026-04-18T01:30:25.785296,40,0.449,0.000,0.000,0.795,0.795,1,0.449,0,Normale,
2026-04-18T01:30:25.992863,64,0.453,0.000,1.000,0.883,0.883,1,0.453,0,Tournee (166deg),
2026-04-18T01:30:26.223044,64,0.454,0.000,1.000,0.889,0.889,1,0.454,0,Tournee (165deg),
2026-04-18T01:30:26.437363,44,0.462,0.000,0.000,0.885,0.885,1,0.462,0,Normale,
2026-04-18T01:30:26.656053,64,0.474,0.000,1.000,0.871,0.871,1,0.474,0,Tournee (166deg),
2026-04-18T01:30:26.881358,44,0.477,0.000,0.000,0.867,0.867,1,0.477,0,Normale,
2026-04-18T01:30:27.091675,61,0.479,0.000,1.000,0.806,0.806,1,0.479,0,Tournee (165deg),
2026-04-18T01:30:27.310089,61,0.472,0.000,1.000,0.798,0.798,1,0.472,0,Tournee (165deg),
2026-04-18T01:30:27.530882,63,0.464,0.000,1.000,0.861,0.861,1,0.464,0,Tournee (166deg),
2026-04-18T01:30:27.749152,43,0.446,0.000,0.000,0.874,0.874,1,0.446,0,Normale,
2026-04-18T01:30:27.958474,8,0.429,0.000,0.000,0.000,0.000,0,0.429,0,Normale,
2026-04-18T01:30:28.160563,8,0.404,0.000,0.000,0.000,0.000,0,0.404,0,Normale,
2026-04-18T01:30:28.400687,7,0.386,0.000,0.000,0.000,0.000,0,0.386,0,Normale,
2026-04-18T01:30:28.610476,7,0.368,0.000,0.000,0.000,0.000,0,0.368,0,Normale,
2026-04-18T01:30:28.831410,6,0.350,0.000,0.000,0.000,0.000,0,0.350,0,Normale,
2026-04-18T01:30:29.037522,6,0.341,0.000,0.000,0.000,0.000,0,0.341,0,Normale,
2026-04-18T01:30:29.258200,6,0.332,0.000,0.000,0.000,0.000,0,0.332,0,Normale,
2026-04-18T01:30:29.478172,6,0.331,0.000,0.000,0.000,0.000,0,0.331,0,Normale,
2026-04-18T01:30:29.696687,6,0.322,0.000,0.000,0.000,0.000,0,0.322,0,Normale,
2026-04-18T01:30:29.918764,35,0.351,0.000,0.000,0.704,0.704,1,0.351,0,Normale,
2026-04-18T01:30:30.139258,34,0.374,0.000,0.000,0.684,0.684,1,0.374,0,Normale,
2026-04-18T01:30:30.359474,55,0.409,0.000,1.000,0.693,0.693,1,0.409,0,Tournee (163deg),VOICE_ALERT
2026-04-18T01:30:30.599346,56,0.427,0.000,1.000,0.693,0.693,1,0.427,0,Tournee (163deg),
2026-04-18T01:30:30.836743,60,0.475,0.000,1.000,0.764,0.764,1,0.475,0,Tournee (163deg),
2026-04-18T01:30:31.078492,40,0.477,0.000,0.000,0.772,0.772,1,0.477,0,Normale,
2026-04-18T01:30:31.309960,57,0.481,0.000,1.000,0.704,0.704,1,0.481,0,Tournee (164deg),
2026-04-18T01:30:31.531087,65,0.481,0.000,1.000,0.899,0.899,1,0.481,0,Tournee (165deg),
2026-04-18T01:30:31.752936,60,0.489,0.000,1.000,0.781,0.781,1,0.489,0,Tournee (165deg),
2026-04-18T01:30:31.973224,39,0.481,0.000,0.000,0.747,0.747,1,0.481,0,Normale,
2026-04-18T01:30:32.186808,63,0.485,0.000,1.000,0.857,0.857,1,0.485,0,Tournee (164deg),
2026-04-18T01:30:32.410219,62,0.493,0.000,1.000,0.809,0.809,1,0.493,0,Tournee (164deg),
2026-04-18T01:30:32.638712,42,0.492,0.000,0.000,0.826,0.826,1,0.492,0,Normale,
2026-04-18T01:30:32.861293,39,0.494,0.000,0.000,0.745,0.745,1,0.494,0,Normale,
2026-04-18T01:30:33.077604,61,0.499,0.000,1.000,0.791,0.791,1,0.499,0,Tournee (165deg),
2026-04-18T01:30:33.300975,57,0.494,0.000,1.000,0.687,0.687,1,0.494,0,Tournee (166deg),
2026-04-18T01:30:33.523935,60,0.494,0.000,1.000,0.765,0.765,1,0.494,0,Tournee (165deg),
2026-04-18T01:30:33.724722,37,0.495,0.000,0.000,0.680,0.680,1,0.495,0,Normale,
2026-04-18T01:30:33.947431,44,0.515,0.000,0.000,0.843,0.843,1,0.515,0,Normale,
2026-04-18T01:30:34.183477,61,0.525,0.000,1.000,0.779,0.779,1,0.525,0,Tournee (166deg),
2026-04-18T01:30:34.410723,38,0.530,0.000,0.000,0.702,0.702,1,0.530,0,Normale,
2026-04-18T01:30:34.649473,59,0.531,0.000,1.000,0.732,0.732,1,0.531,0,Tournee (166deg),
2026-04-18T01:30:34.891373,40,0.543,0.000,0.000,0.751,0.751,1,0.543,0,Normale,
2026-04-18T01:30:35.117276,41,0.541,0.000,0.000,0.765,0.765,1,0.541,0,Normale,
2026-04-18T01:30:35.334382,43,0.520,0.000,0.000,0.816,0.816,1,0.520,0,Normale,
2026-04-18T01:30:35.547286,58,0.507,0.000,1.000,0.708,0.708,1,0.507,0,Tournee (165deg),
2026-04-18T01:30:35.781580,62,0.510,0.000,1.000,0.807,0.807,1,0.510,0,Tournee (166deg),
2026-04-18T01:30:36.006586,40,0.494,0.000,0.000,0.772,0.772,1,0.494,0,Normale,
2026-04-18T01:30:36.234519,39,0.479,0.000,0.000,0.741,0.741,1,0.479,0,Normale,
2026-04-18T01:30:36.455936,38,0.488,0.000,0.000,0.716,0.716,1,0.488,0,Normale,
2026-04-18T01:30:36.680217,43,0.499,0.000,0.000,0.849,0.849,1,0.499,0,Normale,
2026-04-18T01:30:36.903616,42,0.489,0.000,0.000,0.807,0.807,1,0.489,0,Normale,
2026-04-18T01:30:37.115626,42,0.507,0.000,0.000,0.819,0.819,1,0.507,0,Normale,
2026-04-18T01:30:37.339548,58,0.506,0.000,1.000,0.715,0.715,1,0.506,0,Tournee (167deg),VOICE_ALERT
2026-04-18T01:30:37.577288,60,0.496,0.000,1.000,0.774,0.774,1,0.496,0,Tournee (167deg),
2026-04-18T01:30:37.816988,63,0.498,0.000,1.000,0.848,0.848,1,0.498,0,Tournee (167deg),
2026-04-18T01:30:38.050238,39,0.501,0.000,0.000,0.727,0.727,1,0.501,0,Normale,
2026-04-18T01:30:38.269246,39,0.493,0.000,0.000,0.737,0.737,1,0.493,0,Normale,
2026-04-18T01:30:38.497191,38,0.494,0.000,0.000,0.704,0.704,1,0.494,0,Normale,
2026-04-18T01:30:38.724886,42,0.507,0.000,0.000,0.820,0.820,1,0.507,0,Normale,
2026-04-18T01:30:38.938796,61,0.496,0.000,1.000,0.790,0.790,1,0.496,0,Tournee (167deg),
2026-04-18T01:30:39.169651,58,0.507,0.000,1.000,0.707,0.707,1,0.507,0,Tournee (165deg),
2026-04-18T01:30:39.389831,41,0.502,0.000,0.000,0.775,0.775,1,0.502,0,Normale,
2026-04-18T01:30:39.598620,42,0.503,0.000,0.000,0.814,0.814,1,0.503,0,Normale,
2026-04-18T01:30:39.829426,64,0.488,0.000,1.000,0.856,0.856,1,0.488,0,Tournee (167deg),
2026-04-18T01:30:40.046489,60,0.493,0.000,1.000,0.765,0.765,1,0.493,0,Tournee (167deg),
2026-04-18T01:30:40.264580,63,0.482,0.000,1.000,0.843,0.843,1,0.482,0,Tournee (168deg),
2026-04-18T01:30:40.487038,63,0.478,0.000,1.000,0.837,0.837,1,0.478,0,Tournee (166deg),
2026-04-18T01:30:40.694169,58,0.474,0.000,1.000,0.738,0.738,1,0.474,0,Tournee (168deg),
2026-04-18T01:30:40.922788,8,0.447,0.000,0.000,0.000,0.000,0,0.447,0,Normale,
2026-04-18T01:30:41.287871,9,0.480,0.000,0.000,0.000,0.000,0,0.480,0,Normale,
2026-04-18T01:30:41.521090,9,0.478,0.000,0.000,0.000,0.000,0,0.478,0,Normale,
2026-04-18T01:30:41.751810,9,0.466,0.000,0.000,0.000,0.000,0,0.466,0,Normale,
2026-04-18T01:30:41.968925,8,0.444,0.000,0.000,0.000,0.000,0,0.444,0,Normale,
2026-04-18T01:30:42.186037,28,0.424,0.000,1.000,0.000,0.000,0,0.424,0,Tete levee (25deg),
2026-04-18T01:30:42.404678,27,0.395,0.000,1.000,0.000,0.000,0,0.395,0,Tete levee (26deg),
2026-04-18T01:30:42.626376,27,0.368,0.000,1.000,0.000,0.000,0,0.368,0,Tete levee (27deg),
2026-04-18T01:30:42.855787,26,0.348,0.000,1.000,0.000,0.000,0,0.348,0,Tete levee (26deg),
2026-04-18T01:30:43.075919,26,0.341,0.000,1.000,0.000,0.000,0,0.341,0,Tete levee (27deg),
2026-04-18T01:30:43.292362,26,0.341,0.000,1.000,0.000,0.000,0,0.341,0,Tete levee (25deg),
2026-04-18T01:30:43.509823,26,0.344,0.000,1.000,0.000,0.000,0,0.344,0,Tete levee (26deg),
2026-04-18T01:30:43.721882,26,0.345,0.000,1.000,0.000,0.000,0,0.345,0,Tete levee (25deg),
2026-04-18T01:30:43.942705,26,0.346,0.000,1.000,0.000,0.000,0,0.346,0,Tete levee (25deg),
2026-04-18T01:30:44.153488,26,0.346,0.000,1.000,0.000,0.000,0,0.346,0,Tete levee (25deg),
2026-04-18T01:30:44.376569,26,0.346,0.000,1.000,0.000,0.000,0,0.346,0,Tete levee (27deg),
2026-04-18T01:30:44.595002,26,0.343,0.000,1.000,0.000,0.000,0,0.343,0,Tete levee (25deg),
2026-04-18T01:30:44.818309,26,0.345,0.000,1.000,0.000,0.000,0,0.345,0,Tete levee (25deg),
2026-04-18T01:30:45.042376,6,0.344,0.000,0.000,0.000,0.000,0,0.344,0,Normale,
2026-04-18T01:30:45.260338,6,0.336,0.000,0.000,0.000,0.000,0,0.336,0,Normale,
2026-04-18T01:30:45.485571,6,0.331,0.000,0.000,0.000,0.000,0,0.331,0,Normale,
2026-04-18T01:30:45.692185,6,0.326,0.000,0.000,0.000,0.000,0,0.326,0,Normale,
2026-04-18T01:30:45.915623,6,0.325,0.000,0.000,0.000,0.000,0,0.325,0,Normale,
2026-04-18T01:30:46.138111,6,0.324,0.000,0.000,0.000,0.000,0,0.324,0,Normale,
2026-04-18T01:30:46.350108,6,0.329,0.000,0.000,0.000,0.000,0,0.329,0,Normale,
2026-04-18T01:30:46.579344,30,0.356,0.000,0.000,0.585,0.585,1,0.356,0,Normale,
2026-04-18T01:30:46.798996,7,0.359,0.000,0.000,0.000,0.000,0,0.359,0,Normale,
2026-04-18T01:30:47.018386,7,0.354,0.000,0.000,0.000,0.000,0,0.354,0,Normale,
2026-04-18T01:30:47.241045,6,0.348,0.000,0.000,0.000,0.000,0,0.348,0,Normale,
2026-04-18T01:30:47.457712,6,0.345,0.000,0.000,0.000,0.000,0,0.345,0,Normale,
2026-04-18T01:30:47.667519,6,0.322,0.000,0.000,0.000,0.000,0,0.322,0,Normale,
2026-04-18T01:30:47.887209,55,0.341,0.000,1.000,0.713,0.713,1,0.341,0,Tournee (178deg),VOICE_ALERT
2026-04-18T01:30:48.160186,54,0.367,0.000,1.000,0.670,0.670,1,0.367,0,Tournee (178deg),
2026-04-18T01:30:48.406633,41,0.388,0.000,0.000,0.838,0.838,1,0.388,0,Normale,
2026-04-18T01:30:48.670826,42,0.415,0.000,0.000,0.866,0.866,1,0.415,0,Normale,
2026-04-18T01:30:48.893004,41,0.438,0.000,0.000,0.812,0.812,1,0.438,0,Normale,
2026-04-18T01:30:49.113718,42,0.441,0.000,0.000,0.847,0.847,1,0.441,0,Normale,
2026-04-18T01:30:49.330203,42,0.425,0.000,0.000,0.844,0.844,1,0.425,0,Normale,
2026-04-18T01:30:49.546374,42,0.435,0.000,0.000,0.834,0.834,1,0.435,0,Normale,
2026-04-18T01:30:49.767656,43,0.436,0.000,0.000,0.866,0.866,1,0.436,0,Normale,
2026-04-18T01:30:49.988388,41,0.429,0.000,0.000,0.817,0.817,1,0.429,0,Normale,
2026-04-18T01:30:50.203560,42,0.425,0.000,0.000,0.856,0.856,1,0.425,0,Normale,
2026-04-18T01:30:50.424689,45,0.436,0.000,0.000,0.928,0.928,1,0.436,0,Normale,
2026-04-18T01:30:50.633790,41,0.421,0.000,0.000,0.828,0.828,1,0.421,0,Normale,
2026-04-18T01:30:50.854607,35,0.418,0.000,0.000,0.670,0.670,1,0.418,0,Normale,
2026-04-18T01:30:51.067302,8,0.423,0.000,0.000,0.000,0.000,0,0.423,0,Normale,
2026-04-18T01:30:51.299845,8,0.431,0.000,0.000,0.000,0.000,0,0.431,0,Normale,
2026-04-18T01:30:51.514542,28,0.428,0.000,1.000,0.000,0.000,0,0.428,0,Tournee (178deg),
2026-04-18T01:30:51.744272,8,0.420,0.000,0.000,0.000,0.000,0,0.420,0,Normale,
2026-04-18T01:30:51.962726,8,0.401,0.000,0.000,0.000,0.000,0,0.401,0,Normale,
2026-04-18T01:30:52.172468,7,0.380,0.000,0.000,0.000,0.000,0,0.380,0,Normale,
2026-04-18T01:30:52.387762,7,0.375,0.000,0.000,0.000,0.000,0,0.375,0,Normale,
2026-04-18T01:30:52.608995,7,0.379,0.000,0.000,0.000,0.000,0,0.379,0,Normale,
2026-04-18T01:30:52.823577,27,0.388,0.000,1.000,0.000,0.000,0,0.388,0,Tournee (-168deg),
2026-04-18T01:30:53.037124,27,0.391,0.000,1.000,0.000,0.000,0,0.391,0,Tournee (-177deg),
2026-04-18T01:30:53.262034,28,0.401,0.000,1.000,0.000,0.000,0,0.401,0,Tournee (-174deg),
2026-04-18T01:30:53.467334,7,0.398,0.000,0.000,0.000,0.000,0,0.398,0,Normale,
2026-04-18T01:30:53.699555,7,0.384,0.000,0.000,0.000,0.000,0,0.384,0,Normale,
2026-04-18T01:30:53.911254,7,0.383,0.000,0.000,0.000,0.000,0,0.383,0,Normale,
2026-04-18T01:30:54.131443,7,0.380,0.000,0.000,0.000,0.000,0,0.380,0,Normale,
2026-04-18T01:30:54.332577,7,0.356,0.000,0.000,0.000,0.000,0,0.356,0,Normale,
2026-04-18T01:30:54.555451,6,0.337,0.000,0.000,0.000,0.000,0,0.337,0,Normale,
2026-04-18T01:30:54.777406,26,0.307,0.000,1.000,0.000,0.000,0,0.307,0,Tournee (-173deg),
2026-04-18T01:30:55.001085,25,0.277,0.000,1.000,0.000,0.000,0,0.277,0,Tournee (-166deg),
2026-04-18T01:30:55.219645,25,0.260,0.000,1.000,0.000,0.000,0,0.260,0,Tournee (-161deg),
2026-04-18T01:30:55.440887,5,0.255,0.000,0.000,0.000,0.000,0,0.255,0,Normale,
2026-04-18T01:30:55.658811,4,0.241,0.000,0.000,0.000,0.000,0,0.241,0,Normale,
2026-04-18T01:30:55.868241,4,0.244,0.000,0.000,0.000,0.000,0,0.244,0,Normale,
2026-04-18T01:30:56.091744,4,0.243,0.000,0.000,0.000,0.000,0,0.243,0,Normale,
2026-04-18T01:30:56.315377,4,0.236,0.000,0.000,0.000,0.000,0,0.236,0,Normale,
2026-04-18T01:30:56.524606,4,0.236,0.000,0.000,0.000,0.000,0,0.236,0,Normale,
2026-04-18T01:30:56.732969,4,0.231,0.000,0.000,0.000,0.000,0,0.231,0,Normale,
2026-04-18T01:30:56.959885,24,0.229,0.000,1.000,0.000,0.000,0,0.229,0,Tournee (-163deg),
2026-04-18T01:30:57.181688,4,0.225,0.000,0.000,0.000,0.000,0,0.225,0,Normale,
2026-04-18T01:30:57.404992,24,0.228,0.000,1.000,0.000,0.000,0,0.228,0,Tournee (-165deg),
2026-04-18T01:30:57.625549,4,0.242,0.000,0.000,0.000,0.000,0,0.242,0,Normale,
2026-04-18T01:30:57.848990,25,0.268,0.000,1.000,0.000,0.000,0,0.268,0,Tournee (170deg),
2026-04-18T01:30:58.059435,6,0.310,0.000,0.000,0.000,0.000,0,0.310,0,Normale,
2026-04-18T01:30:58.291696,6,0.349,0.000,0.000,0.000,0.000,0,0.349,0,Normale,
2026-04-18T01:30:58.511804,7,0.381,0.000,0.000,0.000,0.000,0,0.381,0,Normale,
2026-04-18T01:30:58.729390,7,0.394,0.000,0.000,0.000,0.000,0,0.394,0,Normale,
2026-04-18T01:30:59.068367,7,0.396,0.000,0.000,0.000,0.000,0,0.396,0,Normale,
2026-04-18T01:30:59.355747,7,0.382,0.000,0.000,0.000,0.000,0,0.382,0,Normale,
2026-04-18T01:30:59.648363,7,0.365,0.000,0.000,0.000,0.000,0,0.365,0,Normale,
2026-04-18T01:30:59.901789,7,0.356,0.000,0.000,0.000,0.000,0,0.356,0,Normale,
2026-04-18T01:31:00.154951,6,0.347,0.000,0.000,0.000,0.000,0,0.347,0,Normale,
2026-04-18T01:31:00.393711,6,0.344,0.000,0.000,0.000,0.000,0,0.344,0,Normale,
2026-04-18T01:31:00.611391,6,0.338,0.000,0.000,0.000,0.000,0,0.338,0,Normale,
2026-04-18T01:31:00.814670,6,0.338,0.000,0.000,0.000,0.000,0,0.338,0,Normale,
2026-04-18T01:31:01.049231,6,0.338,0.000,0.000,0.000,0.000,0,0.338,0,Normale,
2026-04-18T01:31:01.271958,6,0.336,0.000,0.000,0.000,0.000,0,0.336,0,Normale,
2026-04-18T01:31:01.498900,6,0.336,0.000,0.000,0.000,0.000,0,0.336,0,Normale,
2026-04-18T01:31:01.714060,6,0.338,0.000,0.000,0.000,0.000,0,0.338,0,Normale,
2026-04-18T01:31:01.915103,6,0.341,0.000,0.000,0.000,0.000,0,0.341,0,Normale,
2026-04-18T01:31:02.141959,26,0.316,0.000,1.000,0.000,0.000,0,0.316,0,Tournee (-37deg),
2026-04-18T01:31:02.402251,25,0.285,0.000,1.000,0.000,0.000,0,0.285,0,Tournee (-52deg),
2026-04-18T01:31:04.226792,23,0.190,0.000,1.000,0.000,0.000,0,0.190,0,Tournee (-42deg),
2026-04-18T01:31:04.627210,11,0.561,0.000,0.000,0.000,0.000,0,0.561,0,Normale,
2026-04-18T01:31:04.866123,11,0.554,0.000,0.000,0.000,0.000,0,0.554,0,Normale,
2026-04-18T01:31:05.243468,11,0.550,0.000,0.000,0.000,0.000,0,0.550,0,Normale,
2026-04-18T01:31:05.471210,10,0.546,0.000,0.000,0.000,0.000,0,0.546,0,Normale,
2026-04-18T01:31:05.712199,10,0.520,0.000,0.000,0.000,0.000,0,0.520,0,Normale,
2026-04-18T01:31:06.124627,8,0.443,0.000,0.000,0.000,0.000,0,0.443,0,Normale,
2026-04-18T01:31:06.517037,29,0.467,0.000,1.000,0.000,0.000,0,0.467,0,Tournee (168deg),
2026-04-18T01:31:06.757910,9,0.482,0.000,0.000,0.000,0.000,0,0.482,0,Normale,
2026-04-18T01:31:07.012215,29,0.489,0.000,1.000,0.000,0.000,0,0.489,0,Tete levee (26deg),
2026-04-18T01:31:07.237697,29,0.494,0.000,1.000,0.000,0.000,0,0.494,0,Tete levee (29deg),
2026-04-18T01:31:07.460791,29,0.495,0.000,1.000,0.000,0.000,0,0.495,0,Tete levee (36deg),
2026-04-18T01:31:07.673938,29,0.499,0.000,1.000,0.000,0.000,0,0.499,0,Tete levee (38deg),
2026-04-18T01:31:07.903430,29,0.491,0.000,1.000,0.000,0.000,0,0.491,0,Tete levee (36deg),
2026-04-18T01:31:08.107318,29,0.478,0.000,1.000,0.000,0.000,0,0.478,0,Tete levee (34deg),
2026-04-18T01:31:08.332345,29,0.458,0.000,1.000,0.000,0.000,0,0.458,0,Tete levee (32deg),
2026-04-18T01:31:08.559835,28,0.434,0.000,1.000,0.000,0.000,0,0.434,0,Tete levee (30deg),
2026-04-18T01:31:08.766055,8,0.417,0.000,0.000,0.000,0.000,0,0.417,0,Normale,
2026-04-18T01:31:09.004441,8,0.404,0.000,0.000,0.000,0.000,0,0.404,0,Normale,
2026-04-18T01:31:09.246166,8,0.407,0.000,0.000,0.000,0.000,0,0.407,0,Normale,
2026-04-18T01:31:09.499713,8,0.414,0.000,0.000,0.000,0.000,0,0.414,0,Normale,
2026-04-18T01:31:09.741279,8,0.422,0.000,0.000,0.000,0.000,0,0.422,0,Normale,
2026-04-18T01:31:09.984789,8,0.430,0.000,0.000,0.000,0.000,0,0.430,0,Normale,
2026-04-18T01:31:10.252801,28,0.441,0.000,1.000,0.000,0.000,0,0.441,0,Tete levee (33deg),
2026-04-18T01:31:10.552303,29,0.451,0.000,1.000,0.000,0.000,0,0.451,0,Tete levee (37deg),
